task_radius,stiffness,damping,kTau,maxTau,maxPs,k,minEigBenv_a,minEigBenv_p,maxEigBenv,kBenv_a,kBenv_p,alpha1,alpha2_r1,alpha2_r2,alpha2_r3,alpha2_r4
0.2,100,0.1,41.39935232846925,13.163124226226346,2.0000000000000004,61.390861942135146,0.0015273309767879076,9.676819372731454e-08,0.15692068815550247,0.0025132359478151,0.03192832472070917,1.6241480223921216,0.276279467638494,1.50953134331082,-0.134335983537003 - 0.211420507551634*I,-0.134335983537003 + 0.211420507551634*I
0.2,100,0.2,41.39935232846925,13.163124226226346,2.0000000000000004,61.390861942135146,0.003049471567077993,6.384456062289191e-08,0.31384112755658844,0.0050264718956302,0.06385664944141833,1.6241480223921216,0.276279467538635,1.50953134457558,-0.134335983496634 - 0.21142050750659*I,-0.134335983496634 + 0.21142050750659*I
0.2,100,0.30000000000000004,41.39935232846925,13.163124226226346,2.0000000000000004,61.390861942135146,0.0045741797602250065,4.5923546528259575e-07,0.47076328122727906,0.007539707843445299,0.0957849741621275,1.6241480223921216,0.276279468737876,1.50953132938666,-0.134335983981435 - 0.21142050804753*I,-0.134335983981435 + 0.21142050804753*I
0.2,100,0.4,41.39935232846925,13.163124226226346,2.0000000000000004,61.390861942135146,0.0060989001148857355,4.7104504073187266e-07,0.6276892612425138,0.0100529437912604,0.12771329888283667,1.6241480223921216,0.276279468773695,1.50953132893300,-0.134335983995915 - 0.211420508063687*I,-0.134335983995915 + 0.211420508063687*I
0.2,100,0.5,41.39935232846925,13.163124226226346,2.0000000000000004,61.390861942135146,0.007623666772440064,1.3076966442440324e-09,0.7846086463793374,0.012566179739075499,0.15964162360354583,1.6241480223921216,0.276279467348957,1.50953134697794,-0.134335983419956 - 0.211420507421033*I,-0.134335983419956 + 0.211420507421033*I
0.2,100,0.6000000000000001,41.39935232846925,13.163124226226346,2.0000000000000004,61.390861942135146,0.009148342697389645,1.223848532959328e-09,0.9415341428672725,0.015079415686890599,0.191569948324255,1.6241480223921216,0.276279467348703,1.50953134698116,-0.134335983419853 - 0.211420507420918*I,-0.134335983419853 + 0.211420507420918*I
0.2,100,0.7000000000000001,41.39935232846925,13.163124226226346,2.0000000000000004,61.390861942135146,0.010673011628107704,1.0705290405002527e-09,1.098695038045281,0.01759265163470483,0.22349827304496417,1.6241480223921216,0.276279467348238,1.50953134698705,-0.134335983419665 - 0.211420507420708*I,-0.134335983419665 + 0.211420507420708*I
0.2,100,0.8,41.39935232846925,13.163124226226346,2.0000000000000004,61.390861942135146,0.012197795046816754,8.73968593738741e-10,1.255651484269074,0.0201058875825208,0.25542659776567334,1.6241480223921216,0.276279467347642,1.50953134699460,-0.134335983419424 - 0.211420507420439*I,-0.134335983419424 + 0.211420507420439*I
0.2,100,0.9,41.39935232846925,13.163124226226346,2.0000000000000004,61.390861942135146,0.013722477336768856,5.01122231215622e-07,1.4126075341587305,0.02261912353033503,0.2873549224863825,1.6241480223921216,0.276279468864920,1.50953132777758,-0.134335984032793 - 0.211420508104836*I,-0.134335984032793 + 0.211420508104836*I
0.2,100,1.0,41.39935232846925,13.163124226226346,2.0000000000000004,61.390861942135146,0.015247150606587481,4.335536663876354e-07,1.5695645020967304,0.025132359478150998,0.31928324720709167,1.6241480223921216,0.276279468659982,1.50953133037322,-0.134335983949946 - 0.211420508012394*I,-0.134335983949946 + 0.211420508012394*I
0.2,100,1.1,41.39935232846925,13.163124226226346,2.0000000000000004,61.390861942135146,0.01677192728309685,3.491802473842287e-07,1.7265209966786963,0.027645595425966965,0.35121157192785635,1.6241480223921216,0.276279468404072,1.50953133361443,-0.134335983846493 - 0.211420507896962*I,-0.134335983846493 + 0.211420507896962*I
0.2,100,1.2000000000000002,41.39935232846925,13.163124226226346,2.0000000000000004,61.390861942135146,0.01829665607818755,2.5386897973466893e-07,1.883477460287558,0.030158831373781197,0.38313989664851,1.6241480223921216,0.276279468114989,1.50953133727580,-0.134335983729629 - 0.211420507766565*I,-0.134335983729629 + 0.211420507766565*I
0.2,100,1.3,41.39935232846925,13.163124226226346,2.0000000000000004,61.390861942135146,0.019821393568417514,1.5597420648840666e-07,2.040374163922377,0.032672067321597165,0.41506822136916366,1.6241480223921216,0.276279467818069,1.50953134103643,-0.134335983609597 - 0.211420507632634*I,-0.134335983609597 + 0.211420507632634*I
0.2,100,1.4000000000000001,41.39935232846925,13.163124226226346,2.0000000000000004,61.390861942135146,0.021346444691470883,6.790016770719751e-08,2.1973903244630613,0.03518530326940966,0.44699654608992834,1.6241480223921216,0.276279467550936,1.50953134441979,-0.134335983501607 - 0.211420507512139*I,-0.134335983501607 + 0.211420507512139*I
0.2,100,1.5,41.39935232846925,13.163124226226346,2.0000000000000004,61.390861942135146,0.022871035019267308,9.117355640830918e-09,2.35434683309524,0.0376985392172291,0.478924870810582,1.6241480223921216,0.276279467372644,1.50953134667793,-0.134335983429532 - 0.211420507431717*I,-0.134335983429532 + 0.211420507431717*I
0.2,100,1.6,41.39935232846925,13.163124226226346,2.0000000000000004,61.390861942135146,0.02439560160843843,1.1749469305955984e-08,2.5112683721958686,0.0402117751650416,0.5108531955313467,1.6241480223921216,0.276279467380628,1.50953134657681,-0.134335983432759 - 0.211420507435318*I,-0.134335983432759 + 0.211420507435318*I
0.2,100,1.7000000000000002,41.39935232846925,13.163124226226346,2.0000000000000004,61.390861942135146,0.025920156575431355,1.319820489983581e-07,2.6682583045443558,0.04272501111286103,0.5427815202521113,1.6241480223921216,0.276279467745299,1.50953134195808,-0.13433598358018 - 0.21142050759981*I,-0.13433598358018 + 0.21142050759981*I
0.2,100,1.8,41.39935232846925,13.163124226226346,2.0000000000000004,61.390861942135146,0.027444893068006807,4.7405946737705595e-07,2.8252161579980566,0.04523824706067006,0.574709844972765,1.6241480223921216,0.276279468782838,1.50953132881720,-0.134335983999611 - 0.211420508067811*I,-0.134335983999611 + 0.211420508067811*I
0.2,100,1.9000000000000001,41.39935232846925,13.163124226226346,2.0000000000000004,61.390861942135146,0.02896985344953928,3.127586769557477e-09,2.982151134328439,0.04775148300848256,0.6066381696934187,1.6241480223921216,0.276279467354477,1.50953134690802,-0.134335983422187 - 0.211420507423523*I,-0.134335983422187 + 0.211420507423523*I
0.2,100,2.0,41.39935232846925,13.163124226226346,2.0000000000000004,61.390861942135146,0.030494130452734074,1.7715836945725218e-08,3.1391290940278473,0.050264718956301996,0.6385664944141833,1.6241480223921216,0.276279467398724,1.50953134634762,-0.134335983440075 - 0.211420507443481*I,-0.134335983440075 + 0.211420507443481*I
0.2,100,2.1,41.39935232846925,13.163124226226346,2.0000000000000004,61.390861942135146,0.032018558176250426,9.54565320013612e-08,3.2960855623525527,0.052777954904114494,0.670494819134726,1.6241480223921216,0.276279467634515,1.50953134336121,-0.134335983535395 - 0.211420507549839*I,-0.134335983535395 + 0.211420507549839*I
0.2,100,2.2,41.39935232846925,13.163124226226346,2.0000000000000004,61.390861942135146,0.03354333306218096,5.320135879284306e-11,3.4530419731712114,0.05529119085193393,0.7024231438557127,1.6241480223921216,0.276279467345152,1.50953134702613,-0.134335983418418 - 0.211420507419317*I,-0.134335983418418 + 0.211420507419317*I
0.2,100,2.3000000000000003,41.39935232846925,13.163124226226346,2.0000000000000004,61.390861942135146,0.03506793041994416,9.527671892949415e-10,3.6099984639873806,0.0578044267997499,0.7343514685762553,1.6241480223921216,0.276279467347881,1.50953134699157,-0.134335983419521 - 0.211420507420547*I,-0.134335983419521 + 0.211420507420547*I
0.2,100,2.4000000000000004,41.39935232846925,13.163124226226346,2.0000000000000004,61.390861942135146,0.03659280389711914,2.8653062369278597e-08,3.766954841030121,0.060317662747562395,0.76627979329702,1.6241480223921216,0.276279467431897,1.50953134592746,-0.134335983453485 - 0.211420507458444*I,-0.134335983453485 + 0.211420507458444*I
0.2,100,2.5,41.39935232846925,13.163124226226346,2.0000000000000004,61.390861942135146,0.03811771445381268,3.555269283770105e-09,3.923911419941427,0.06283089869538183,0.7982081180177847,1.6241480223921216,0.276279467355774,1.50953134689159,-0.134335983422712 - 0.211420507424108*I,-0.134335983422712 + 0.211420507424108*I
0.2,100,2.6,41.39935232846925,13.163124226226346,2.0000000000000004,61.390861942135146,0.03964237896845856,9.216998472841003e-10,4.0808672428567085,0.06534413464319433,0.8301364427383273,1.6241480223921216,0.276279467347786,1.50953134699276,-0.134335983419483 - 0.211420507420505*I,-0.134335983419483 + 0.211420507420505*I
0.2,100,2.7,41.39935232846925,13.163124226226346,2.0000000000000004,61.390861942135146,0.04116667385613802,1.5210190108987982e-09,4.237824053074196,0.06785737059100683,0.862064767459092,1.6241480223921216,0.276279467349604,1.50953134696974,-0.134335983420218 - 0.211420507421325*I,-0.134335983420218 + 0.211420507421325*I
0.2,100,2.8000000000000003,41.39935232846925,13.163124226226346,2.0000000000000004,61.390861942135146,0.04269142840206218,1.730415464302829e-08,4.394780561182467,0.07037060653881932,0.8939930921798567,1.6241480223921216,0.276279467397475,1.50953134636343,-0.13433598343957 - 0.211420507442918*I,-0.13433598343957 + 0.211420507442918*I
0.2,100,2.9000000000000004,41.39935232846925,13.163124226226346,2.0000000000000004,61.390861942135146,0.044215816420654634,1.0774684967191614e-07,4.551737206026058,0.07288384248663876,0.9259214169006214,1.6241480223921216,0.276279467671793,1.50953134288908,-0.134335983550464 - 0.211420507566654*I,-0.134335983550464 + 0.211420507566654*I
0.2,100,3.0,41.39935232846925,13.163124226226346,2.0000000000000004,61.390861942135146,0.04573973282677302,2.0454983029250954e-09,4.708294733701611,0.0753970784344582,0.957849741621164,1.6241480223921216,0.276279467351195,1.50953134694959,-0.134335983420861 - 0.211420507422042*I,-0.134335983420861 + 0.211420507422042*I
0.2,100,3.1,41.39935232846925,13.163124226226346,2.0000000000000004,61.390861942135146,0.047263438949110184,1.6284564294621197e-10,4.86565007804457,0.0779103143822707,0.9897780663419287,1.6241480223921216,0.276279467345484,1.50953134702192,-0.134335983418552 - 0.211420507419466*I,-0.134335983418552 + 0.211420507419466*I
0.2,100,3.2,41.39935232846925,13.163124226226346,2.0000000000000004,61.390861942135146,0.04878887243409603,1.9566122432736048e-11,5.02260548759891,0.0804235503300832,1.0217063910626933,1.6241480223921216,0.276279467345050,1.50953134702742,-0.134335983418377 - 0.211420507419271*I,-0.134335983418377 + 0.211420507419271*I
0.2,100,3.3000000000000003,41.39935232846925,13.163124226226346,2.0000000000000004,61.390861942135146,0.05031558694396493,3.2364676932776464e-07,5.179562944055039,0.08293678627789569,1.053634715783236,1.6241480223921216,0.276279468326628,1.50953133459529,-0.134335983815185 - 0.211420507862029*I,-0.134335983815185 + 0.211420507862029*I
0.2,100,3.4000000000000004,41.39935232846925,13.163124226226346,2.0000000000000004,61.390861942135146,0.05184043015846506,5.008888958520427e-08,5.336519420621317,0.08545002222572207,1.0855630405042227,1.6241480223921216,0.276279467496913,1.50953134510401,-0.134335983479768 - 0.211420507487771*I,-0.134335983479768 + 0.211420507487771*I
0.2,100,3.5,41.39935232846925,13.163124226226346,2.0000000000000004,61.390861942135146,0.05336389253676752,5.312377773733112e-09,5.4934759409364045,0.08796325817352763,1.1174913652247653,1.6241480223921216,0.276279467361103,1.50953134682409,-0.134335983424866 - 0.211420507426512*I,-0.134335983424866 + 0.211420507426512*I
0.2,100,3.6,41.39935232846925,13.163124226226346,2.0000000000000004,61.390861942135146,0.0548882142242068,1.2114979819796865e-07,5.650430266042374,0.09047649412134012,1.14941968994553,1.6241480223921216,0.276279467712444,1.50953134237421,-0.134335983566898 - 0.21142050758499*I,-0.134335983566898 + 0.21142050758499*I
0.2,100,3.7,41.39935232846925,13.163124226226346,2.0000000000000004,61.390861942135146,0.05641357890374438,4.08707415621525e-07,5.807388875794676,0.09298973006915956,1.1813480146658506,1.6241480223921216,0.276279468584621,1.50953133132769,-0.134335983919481 - 0.211420507978402*I,-0.134335983919481 + 0.211420507978402*I
0.2,100,3.8000000000000003,41.39935232846925,13.163124226226346,2.0000000000000004,61.390861942135146,0.05793864464307793,1.5707540932741018e-10,5.964345028453476,0.09550296601696512,1.2132763393868373,1.6241480223921216,0.276279467345467,1.50953134702214,-0.134335983418545 - 0.211420507419459*I,-0.134335983418545 + 0.211420507419459*I
0.2,100,3.9000000000000004,41.39935232846925,13.163124226226346,2.0000000000000004,61.390861942135146,0.05946420552775815,2.9592393676975984e-11,6.1213017632215525,0.09801620196478456,1.245204664107824,1.6241480223921216,0.276279467345080,1.50953134702703,-0.134335983418389 - 0.211420507419284*I,-0.134335983418389 + 0.211420507419284*I
0.2,100,4.0,41.39935232846925,13.163124226226346,2.0000000000000004,61.390861942135146,0.060988951225304976,2.202006955446976e-11,6.278259596325352,0.10052943791260399,1.2771329888283667,1.6241480223921216,0.276279467345057,1.50953134702733,-0.13433598341838 - 0.211420507419274*I,-0.13433598341838 + 0.211420507419274*I
0.2,100,4.1000000000000005,41.39935232846925,13.163124226226346,2.0000000000000004,61.390861942135146,0.06251354910911079,2.2463062430508484e-10,6.4352146592917165,0.10304267386042343,1.3090613135489093,1.6241480223921216,0.276279467345672,1.50953134701954,-0.134335983418628 - 0.211420507419551*I,-0.134335983418628 + 0.211420507419551*I
0.2,100,4.2,41.39935232846925,13.163124226226346,2.0000000000000004,61.390861942135146,0.06403818717409769,5.765190489286099e-10,6.5921711253934525,0.10555590980822899,1.340989638269452,1.6241480223921216,0.276279467346739,1.50953134700602,-0.13433598341906 - 0.211420507420032*I,-0.13433598341906 + 0.211420507420032*I
0.2,100,4.3,41.39935232846925,13.163124226226346,2.0000000000000004,61.390861942135146,0.06556311091907449,9.680820935779962e-10,6.749128013477722,0.10806914575604842,1.3729179629908828,1.6241480223921216,0.276279467347927,1.50953134699098,-0.13433598341954 - 0.211420507420568*I,-0.13433598341954 + 0.211420507420568*I
0.2,100,4.4,41.39935232846925,13.163124226226346,2.0000000000000004,61.390861942135146,0.0670878973122708,1.3022819100727847e-09,6.9059657557073155,0.11058238170386786,1.4048462877114254,1.6241480223921216,0.276279467348941,1.50953134697814,-0.134335983419949 - 0.211420507421025*I,-0.134335983419949 + 0.211420507421025*I
0.2,100,4.5,41.39935232846925,13.163124226226346,2.0000000000000004,61.390861942135146,0.06861260654806006,1.5182474628553072e-09,7.063040495564391,0.11309561765168036,1.436774612431968,1.6241480223921216,0.276279467349596,1.50953134696984,-0.134335983420214 - 0.211420507421321*I,-0.134335983420214 + 0.211420507421321*I
0.2,100,4.6000000000000005,41.39935232846925,13.163124226226346,2.0000000000000004,61.390861942135146,0.07013731036186285,1.5934375179829374e-09,7.219996799429295,0.1156088535994998,1.4687029371525107,1.6241480223921216,0.276279467349824,1.50953134696696,-0.134335983420306 - 0.211420507421424*I,-0.134335983420306 + 0.211420507421424*I
0.2,100,4.7,41.39935232846925,13.163124226226346,2.0000000000000004,61.390861942135146,0.07166210668940165,1.535864203430541e-09,7.376953423703262,0.11812208954731229,1.5006312618730533,1.6241480223921216,0.276279467349649,1.50953134696917,-0.134335983420236 - 0.211420507421345*I,-0.134335983420236 + 0.211420507421345*I
0.2,100,4.800000000000001,41.39935232846925,13.163124226226346,2.0000000000000004,61.390861942135146,0.07318657959227312,1.373568052487754e-09,7.533909624165322,0.12063532549512479,1.53255958659404,1.6241480223921216,0.276279467349157,1.50953134697540,-0.134335983420037 - 0.211420507421123*I,-0.134335983420037 + 0.211420507421123*I
0.2,100,4.9,41.39935232846925,13.163124226226346,2.0000000000000004,61.390861942135146,0.07470905237399199,1.1443504546992197e-09,7.690536803613773,0.12314856144293729,1.5644879113150267,1.6241480223921216,0.276279467348462,1.50953134698421,-0.134335983419756 - 0.211420507420809*I,-0.134335983419756 + 0.211420507420809*I
0.2,100,5.0,41.39935232846925,13.163124226226346,2.0000000000000004,61.390861942135146,0.0762343592995956,8.870625440639099e-10,7.8478223060865675,0.12566179739076366,1.5964162360355694,1.6241480223921216,0.276279467347681,1.50953134699409,-0.13433598341944 - 0.211420507420457*I,-0.13433598341944 + 0.211420507420457*I
0.2,100,5.1000000000000005,41.39935232846925,13.163124226226346,2.0000000000000004,61.390861942135146,0.07776047579483011,6.359688711297907e-10,8.004730900836083,0.12817503333856228,1.628344560756112,1.6241480223921216,0.276279467346920,1.50953134700374,-0.134335983419132 - 0.211420507420114*I,-0.134335983419132 + 0.211420507420114*I
0.2,100,5.2,41.39935232846925,13.163124226226346,2.0000000000000004,61.390861942135146,0.07928540877887601,4.1664528865441543e-10,8.161735583596386,0.13068826928638866,1.6602728854766546,1.6241480223921216,0.276279467346255,1.50953134701216,-0.134335983418864 - 0.211420507419814*I,-0.134335983418864 + 0.211420507419814*I
0.2,100,5.300000000000001,41.39935232846925,13.163124226226346,2.0000000000000004,61.390861942135146,0.08081013871366095,2.4416609489887006e-10,8.318691642960127,0.13320150523420116,1.6922012101976414,1.6241480223921216,0.276279467345731,1.50953134701879,-0.134335983418652 - 0.211420507419578*I,-0.134335983418652 + 0.211420507419578*I
0.2,100,5.4,41.39935232846925,13.163124226226346,2.0000000000000004,61.390861942135146,0.08233480265892974,1.2343120335545557e-10,8.475648409567562,0.13571474118201365,1.724129534918184,1.6241480223921216,0.276279467345365,1.50953134702343,-0.134335983418504 - 0.211420507419413*I,-0.134335983418504 + 0.211420507419413*I
0.2,100,5.5,41.39935232846925,13.163124226226346,2.0000000000000004,61.390861942135146,0.08385948516390193,5.036958483732296e-11,8.632604927226243,0.13822797712984003,1.7560578596391707,1.6241480223921216,0.276279467345144,1.50953134702623,-0.134335983418414 - 0.211420507419313*I,-0.134335983418414 + 0.211420507419313*I
0.2,100,5.6000000000000005,41.39935232846925,13.163124226226346,2.0000000000000004,61.390861942135146,0.08538418760677582,1.448036509304975e-11,8.789561498702364,0.14074121307763865,1.7879861843597133,1.6241480223921216,0.276279467345035,1.50953134702761,-0.13433598341837 - 0.211420507419264*I,-0.13433598341837 + 0.211420507419264*I
0.2,100,5.7,41.39935232846925,13.163124226226346,2.0000000000000004,61.390861942135146,0.08690889980021803,2.0534869984406255e-12,8.946517943153998,0.14325444902546502,1.819914509080256,1.6241480223921216,0.276279467344997,1.50953134702809,-0.134335983418355 - 0.211420507419247*I,-0.134335983418355 + 0.211420507419247*I
0.2,100,5.800000000000001,41.39935232846925,13.163124226226346,2.0000000000000004,61.390861942135146,0.08843272295700806,6.979154561127236e-08,9.10345677461095,0.14576768497327752,1.8518428338012427,1.6241480223921216,0.276279467556672,1.50953134434713,-0.134335983503926 - 0.211420507514726*I,-0.134335983503926 + 0.211420507514726*I
0.2,100,5.9,41.39935232846925,13.163124226226346,2.0000000000000004,61.390861942135146,0.08995705404072261,7.627143247569834e-08,9.260430871851785,0.1482809209211039,1.8837711585217853,1.6241480223921216,0.276279467576326,1.50953134409821,-0.134335983511871 - 0.211420507523592*I,-0.134335983511871 + 0.211420507523592*I
0.2,100,6.0,41.39935232846925,13.163124226226346,2.0000000000000004,61.390861942135146,0.09148255719695197,2.639396011775524e-12,9.417387266717991,0.1507941568689164,1.915699483242328,1.6241480223921216,0.276279467344999,1.50953134702807,-0.134335983418356 - 0.211420507419247*I,-0.134335983418356 + 0.211420507419247*I
0.2,100,6.1000000000000005,41.39935232846925,13.163124226226346,2.0000000000000004,61.390861942135146,0.09300759767410827,2.1551084278102243e-11,9.57434332877217,0.1533073928167289,1.9476278079633147,1.6241480223921216,0.276279467345056,1.50953134702734,-0.134335983418379 - 0.211420507419273*I,-0.134335983418379 + 0.211420507419273*I
0.2,100,6.2,41.39935232846925,13.163124226226346,2.0000000000000004,61.390861942135146,0.07541179640603295,8.764331551154971e-11,9.731300021797825,0.1558206287645414,1.9795561326838573,1.6241480223921216,0.276279467345256,1.50953134702481,-0.13433598341846 - 0.211420507419364*I,-0.13433598341846 + 0.211420507419364*I
0.2,100,6.300000000000001,41.39935232846925,13.163124226226346,2.0000000000000004,61.390861942135146,0.0960576399261727,2.5273615395186604e-10,9.886355494295346,0.1583338647123539,2.011484457404844,1.6241480223921216,0.276279467345757,1.50953134701846,-0.134335983418662 - 0.211420507419589*I,-0.134335983418662 + 0.211420507419589*I
0.2,100,6.4,41.39935232846925,13.163124226226346,2.0000000000000004,61.390861942135146,0.09758225081013944,5.929849719205918e-10,9.681439001232174,0.1608471006601664,2.0434127821253867,1.6241480223921216,0.276279467346789,1.50953134700539,-0.13433598341908 - 0.211420507420055*I,-0.13433598341908 + 0.211420507420055*I
0.2,100,6.5,41.39935232846925,13.163124226226346,2.0000000000000004,61.390861942135146,0.099106851029357,1.2117285863142859e-09,9.83271131089644,0.16336033660797888,2.0753411068459293,1.6241480223921216,0.276279467348666,1.50953134698162,-0.134335983419838 - 0.211420507420901*I,-0.134335983419838 + 0.211420507420901*I
0.2,100,6.6000000000000005,41.39935232846925,13.163124226226346,2.0000000000000004,61.390861942135146,0.10063096594504842,2.242315667252873e-09,10.359116704981433,0.16587357255579138,2.107269431566472,1.6241480223921216,0.276279467351792,1.50953134694203,-0.134335983421102 - 0.211420507422311*I,-0.134335983421102 + 0.211420507422311*I
0.2,100,6.7,41.39935232846925,13.163124226226346,2.0000000000000004,61.390861942135146,0.10215589364632192,3.8498811440635356e-09,10.516027352301933,0.16838680850361776,2.1391977562874587,1.6241480223921216,0.276279467356668,1.50953134688028,-0.134335983423073 - 0.211420507424511*I,-0.134335983423073 + 0.211420507424511*I
0.2,100,6.800000000000001,41.39935232846925,13.163124226226346,2.0000000000000004,61.390861942135146,0.1036800373923588,6.23245923612811e-09,10.672897746716515,0.17090004445144413,2.1711260810084454,1.6241480223921216,0.276279467363894,1.50953134678875,-0.134335983425995 - 0.21142050742777*I,-0.134335983425995 + 0.21142050742777*I
0.2,100,6.9,41.39935232846925,13.163124226226346,2.0000000000000004,61.390861942135146,0.10520475299468454,9.622409371138133e-09,10.829995218585422,0.17341328039924275,2.203054405728988,1.6241480223921216,0.276279467374176,1.50953134665853,-0.134335983430151 - 0.211420507432408*I,-0.134335983430151 + 0.211420507432408*I
0.2,100,7.0,41.39935232846925,13.163124226226346,2.0000000000000004,61.390861942135146,0.10672879316769891,1.4286006405941769e-08,10.946441305870405,0.17592651634705525,2.2349827304495307,1.6241480223921216,0.276279467388321,1.50953134647937,-0.134335983435869 - 0.211420507438789*I,-0.134335983435869 + 0.211420507438789*I
0.2,100,7.1000000000000005,41.39935232846925,13.163124226226346,2.0000000000000004,61.390861942135146,0.10825039800714326,3.4056899773316818e-12,11.143844676886143,0.17843975229486775,2.2669110551700733,1.6241480223921216,0.276279467345001,1.50953134702804,-0.134335983418357 - 0.211420507419248*I,-0.134335983418357 + 0.211420507419248*I
0.2,100,7.2,41.39935232846925,13.163124226226346,2.0000000000000004,61.390861942135146,0.10977720459627024,1.260308395883389e-07,11.300863848316446,0.18095298824268025,2.29883937989106,1.6241480223921216,0.276279467727249,1.50953134218670,-0.134335983572883 - 0.211420507591668*I,-0.134335983572883 + 0.211420507591668*I
0.2,100,7.300000000000001,41.39935232846925,13.163124226226346,2.0000000000000004,61.390861942135146,0.1113082666754763,1.4306157778343434e-07,11.457820953677476,0.18346622419049274,2.3307677046120467,1.6241480223921216,0.276279467778904,1.50953134153247,-0.134335983593765 - 0.211420507614968*I,-0.134335983593765 + 0.211420507614968*I
0.2,100,7.4,41.39935232846925,13.163124226226346,2.0000000000000004,61.390861942135146,0.1128330836741014,1.573391279039728e-07,11.614763739887414,0.18597946013831912,2.362696029331701,1.6241480223921216,0.276279467822208,1.50953134098400,-0.134335983611271 - 0.211420507634501*I,-0.134335983611271 + 0.211420507634501*I
0.2,100,7.5,41.39935232846925,13.163124226226346,2.0000000000000004,61.390861942135146,0.11435773543408752,1.687291988105486e-07,11.771564465619555,0.18849269608611774,2.394624354053576,1.6241480223921216,0.276279467856755,1.50953134054645,-0.134335983625236 - 0.211420507650084*I,-0.134335983625236 + 0.211420507650084*I
0.2,100,7.6000000000000005,41.39935232846925,13.163124226226346,2.0000000000000004,61.390861942135146,0.1158818528862422,1.772282862563556e-07,11.928656422415756,0.19100593203393024,2.4265526787736746,1.6241480223921216,0.276279467882533,1.50953134021995,-0.134335983635657 - 0.211420507661712*I,-0.134335983635657 + 0.211420507661712*I
0.2,100,7.7,41.39935232846925,13.163124226226346,2.0000000000000004,61.390861942135146,0.11740683968156437,1.8293475388630152e-07,12.085420688605854,0.1935191679817566,2.4584810034946614,1.6241480223921216,0.276279467899841,1.50953134000074,-0.134335983642654 - 0.211420507669519*I,-0.134335983642654 + 0.211420507669519*I
0.2,100,7.800000000000001,41.39935232846925,13.163124226226346,2.0000000000000004,61.390861942135146,0.11893130048889652,1.860205582698123e-07,12.242603521851628,0.1960324039295691,2.490409328215648,1.6241480223921216,0.276279467909201,1.50953133988220,-0.134335983646438 - 0.211420507673741*I,-0.134335983646438 + 0.211420507673741*I
0.2,100,7.9,41.39935232846925,13.163124226226346,2.0000000000000004,61.390861942135146,0.1204558037079076,2.0749058255295212e-08,12.399559782230119,0.19854563987739549,2.5223376529357466,1.6241480223921216,0.276279467407924,1.50953134623109,-0.134335983443794 - 0.211420507447631*I,-0.134335983443794 + 0.211420507447631*I
0.2,100,8.0,41.39935232846925,13.163124226226346,2.0000000000000004,61.390861942135146,0.1219803407173383,2.00191506355748e-08,12.84751285488931,0.20105887582520798,2.5542659776567334,1.6241480223921216,0.276279467405710,1.50953134625913,-0.134335983442899 - 0.211420507446632*I,-0.134335983442899 + 0.211420507446632*I
0.2,100,8.1,41.39935232846925,13.163124226226346,2.0000000000000004,61.390861942135146,0.12350486114142814,1.9264579373552633e-08,13.008107046093635,0.20357211177302048,2.58619430237772,1.6241480223921216,0.276279467403421,1.50953134628812,-0.134335983441974 - 0.2114205074456*I,-0.134335983441974 + 0.2114205074456*I
0.2,100,8.200000000000001,41.39935232846925,13.163124226226346,2.0000000000000004,61.390861942135146,0.12502943910269682,1.847712717651359e-08,12.870429370535163,0.20608534772084686,2.6181226270978186,1.6241480223921216,0.276279467401033,1.50953134631837,-0.134335983441008 - 0.211420507444523*I,-0.134335983441008 + 0.211420507444523*I
0.2,100,8.3,41.39935232846925,13.163124226226346,2.0000000000000004,61.390861942135146,0.1265538805462008,1.765482307072091e-08,13.022087486560881,0.20859858366864548,2.6500509518188053,1.6241480223921216,0.276279467398539,1.50953134634996,-0.13433598344 - 0.211420507443397*I,-0.13433598344 + 0.211420507443397*I
0.2,100,8.4,41.39935232846925,13.163124226226346,2.0000000000000004,61.390861942135146,0.1280784261564974,1.6797227553247098e-08,13.184342151399061,0.21111181961645797,2.681979276538904,1.6241480223921216,0.276279467395938,1.50953134638291,-0.134335983438948 - 0.211420507442224*I,-0.134335983438948 + 0.211420507442224*I
0.2,100,8.5,41.39935232846925,13.163124226226346,2.0000000000000004,61.390861942135146,0.12960306059240337,1.590813437813038e-08,13.292107767190647,0.21362505556428435,2.7139076012598906,1.6241480223921216,0.276279467393241,1.50953134641706,-0.134335983437858 - 0.211420507441008*I,-0.134335983437858 + 0.211420507441008*I
0.2,100,8.6,41.39935232846925,13.163124226226346,2.0000000000000004,61.390861942135146,0.13112768930143906,1.4991905704411514e-08,13.498263382699461,0.21613829151209685,2.7458359259817655,1.6241480223921216,0.276279467390462,1.50953134645226,-0.134335983436735 - 0.211420507439754*I,-0.134335983436735 + 0.211420507439754*I
0.2,100,8.700000000000001,41.39935232846925,13.163124226226346,2.0000000000000004,61.390861942135146,0.13265222503026294,1.4055253784208774e-08,13.655211574169416,0.21865152745989547,2.7838897094856208,1.6241480223921216,0.276279467387621,1.50953134648824,-0.134335983435586 - 0.211420507438473*I,-0.134335983435586 + 0.211420507438473*I
0.2,100,8.8,41.39935232846925,13.163124226226346,2.0000000000000004,61.390861942135146,0.13417673214458492,1.3105597676642955e-08,13.81216766535153,0.22116476340773572,2.8158883465350115,1.6241480223921216,0.276279467384741,1.50953134652472,-0.134335983434422 - 0.211420507437174*I,-0.134335983434422 + 0.211420507437174*I
0.2,100,8.9,41.39935232846925,13.163124226226346,2.0000000000000004,61.390861942135146,0.13569963810266192,1.215065429912367e-08,13.969124301448517,0.22367799935554822,2.8478870408532586,1.6241480223921216,0.276279467381844,1.50953134656140,-0.134335983433251 - 0.211420507435867*I,-0.134335983433251 + 0.211420507435867*I
0.2,100,9.0,41.39935232846925,13.163124226226346,2.0000000000000004,61.390861942135146,0.13722391088039607,1.1198888817071243e-08,14.126087593974429,0.22619123530336072,2.879885310075103,1.6241480223921216,0.276279467378958,1.50953134659796,-0.134335983432084 - 0.211420507434565*I,-0.134335983432084 + 0.211420507434565*I
0.2,100,9.1,41.39935232846925,13.163124226226346,2.0000000000000004,61.390861942135146,0.1387484128175859,1.0257725642131308e-08,14.283037339440437,0.22870447125115934,2.911871450345771,1.6241480223921216,0.276279467376103,1.50953134663412,-0.13433598343093 - 0.211420507433277*I,-0.13433598343093 + 0.211420507433277*I
0.2,100,9.200000000000001,41.39935232846925,13.163124226226346,2.0000000000000004,61.390861942135146,0.1402731684633656,9.335047816724006e-09,14.439994015425215,0.2312177071989996,2.943844280548724,1.6241480223921216,0.276279467373304,1.50953134666957,-0.134335983429799 - 0.211420507432015*I,-0.134335983429799 + 0.211420507432015*I
0.2,100,9.3,41.39935232846925,13.163124226226346,2.0000000000000004,61.390861942135146,0.14179820632385143,8.438087545470003e-09,14.596955976250241,0.2337309431467982,2.975804116237768,1.6241480223921216,0.276279467370584,1.50953134670402,-0.134335983428699 - 0.211420507430788*I,-0.134335983428699 + 0.211420507430788*I
0.2,100,9.4,41.39935232846925,13.163124226226346,2.0000000000000004,61.390861942135146,0.14332359796370991,7.573335639693448e-09,14.753906576314273,0.23624417909462458,3.007749402031301,1.6241480223921216,0.276279467367961,1.50953134673724,-0.134335983427639 - 0.211420507429605*I,-0.134335983427639 + 0.211420507429605*I
0.2,100,9.5,41.39935232846925,13.163124226226346,2.0000000000000004,61.390861942135146,0.14485022067545877,6.746573985112538e-09,14.855884714472042,0.2387574150424232,3.0396790948232777,1.6241480223921216,0.276279467365454,1.50953134676900,-0.134335983426625 - 0.211420507428474*I,-0.134335983426625 + 0.211420507428474*I
0.2,100,9.600000000000001,41.39935232846925,13.163124226226346,2.0000000000000004,61.390861942135146,0.14637180943799802,5.962753857702218e-09,15.011680711036107,0.24127065099024958,3.0715894788588827,1.6241480223921216,0.276279467363076,1.50953134679911,-0.134335983425664 - 0.211420507427402*I,-0.134335983425664 + 0.211420507427402*I
0.2,100,9.700000000000001,41.39935232846925,13.163124226226346,2.0000000000000004,61.390861942135146,0.1478974857478328,5.225940043797305e-09,15.168051754949177,0.2437838869380482,3.103486832257474,1.6241480223921216,0.276279467360841,1.50953134682742,-0.13433598342476 - 0.211420507426393*I,-0.13433598342476 + 0.211420507426393*I
0.2,100,9.8,41.39935232846925,13.163124226226346,2.0000000000000004,61.390861942135146,0.14942149969402554,4.539500795477891e-09,15.32442361131282,0.24629712288587458,3.135364034714705,1.6241480223921216,0.276279467358759,1.50953134685379,-0.134335983423919 - 0.211420507425454*I,-0.134335983423919 + 0.211420507425454*I
0.2,100,9.9,41.39935232846925,13.163124226226346,2.0000000000000004,61.390861942135146,0.15094572672657172,3.905526913750143e-09,15.480796594818338,0.24881035883370095,3.1672197211838338,1.6241480223921216,0.276279467356836,1.50953134687814,-0.134335983423141 - 0.211420507424587*I,-0.134335983423141 + 0.211420507424587*I
0.2,100,10.0,41.39935232846925,13.163124226226346,2.0000000000000004,61.390861942135146,0.15246985507039032,3.325663963493736e-09,15.637773874007623,0.2513235947815273,3.1990602109539523,1.6241480223921216,0.276279467355078,1.50953134690041,-0.13433598342243 - 0.211420507423794*I,-0.13433598342243 + 0.211420507423794*I
0.2,100,10.100000000000001,41.39935232846925,13.163124226226346,2.0000000000000004,61.390861942135146,0.1539941142519359,2.8003353338837047e-09,15.794151612620983,0.25383683072932595,3.2308737724324743,1.6241480223921216,0.276279467353484,1.50953134692060,-0.134335983421786 - 0.211420507423075*I,-0.134335983421786 + 0.211420507423075*I
0.2,100,10.200000000000001,41.39935232846925,13.163124226226346,2.0000000000000004,61.390861942135146,0.15551783308011485,2.329430700623325e-09,15.950523164755932,0.25635006667712457,3.2626643857174287,1.6241480223921216,0.276279467352056,1.50953134693869,-0.134335983421209 - 0.211420507422431*I,-0.134335983421209 + 0.211420507422431*I
0.2,100,10.3,41.39935232846925,13.163124226226346,2.0000000000000004,61.390861942135146,0.15704318178068205,1.911887036411857e-09,16.10690702952563,0.25886330262495094,3.294435262755968,1.6241480223921216,0.276279467350790,1.50953134695472,-0.134335983420697 - 0.211420507421859*I,-0.134335983420697 + 0.211420507421859*I
0.2,100,10.4,41.39935232846925,13.163124226226346,2.0000000000000004,61.390861942135146,0.1585674744679778,1.5460759939259785e-09,16.26277855378764,0.2613765385727773,3.3261867282403657,1.6241480223921216,0.276279467349680,1.50953134696878,-0.134335983420248 - 0.211420507421359*I,-0.134335983420248 + 0.211420507421359*I
0.2,100,10.5,41.39935232846925,13.163124226226346,2.0000000000000004,61.390861942135146,0.160092433977115,1.2297977091351911e-09,16.41966234524444,0.26388977452057594,3.3578992833431798,1.6241480223921216,0.276279467348721,1.50953134698093,-0.134335983419861 - 0.211420507420926*I,-0.134335983419861 + 0.211420507420926*I
0.2,100,10.600000000000001,41.39935232846925,13.163124226226346,2.0000000000000004,61.390861942135146,0.16161787697197813,9.601456552328565e-10,16.637384049690038,0.2664030104684023,3.3895956385778803,1.6241480223921216,0.276279467347903,1.50953134699129,-0.13433598341953 - 0.211420507420557*I,-0.13433598341953 + 0.211420507420557*I
0.2,100,10.700000000000001,41.39935232846925,13.163124226226346,2.0000000000000004,61.390861942135146,0.16314331413420696,7.33982439581307e-10,16.79434061578885,0.26891624641620093,3.421265666382567,1.6241480223921216,0.276279467347217,1.50953134699997,-0.134335983419253 - 0.211420507420248*I,-0.134335983419253 + 0.211420507420248*I
0.2,100,10.8,41.39935232846925,13.163124226226346,2.0000000000000004,61.390861942135146,0.16466883672583985,5.475897882797938e-10,16.951297125085627,0.2714294823640273,3.452908293625434,1.6241480223921216,0.276279467346652,1.50953134700713,-0.134335983419024 - 0.211420507419993*I,-0.134335983419024 + 0.211420507419993*I
0.2,100,10.9,41.39935232846925,13.163124226226346,2.0000000000000004,61.390861942135146,0.16619443073292633,3.9715917552778367e-10,17.10825359495583,0.2739427183118537,3.4845165776973275,1.6241480223921216,0.276279467346195,1.50953134701291,-0.13433598341884 - 0.211420507419787*I,-0.13433598341884 + 0.211420507419787*I
0.2,100,11.0,41.39935232846925,13.163124226226346,2.0000000000000004,61.390861942135146,0.16772000771250928,2.785737837194854e-10,17.264478544501536,0.27645595425968006,3.5161030370538526,1.6241480223921216,0.276279467345836,1.50953134701747,-0.134335983418694 - 0.211420507419625*I,-0.134335983418694 + 0.211420507419625*I
0.2,100,11.100000000000001,41.39935232846925,13.163124226226346,2.0000000000000004,61.390861942135146,0.1692453816834312,1.87722356554413e-10,17.422166767043425,0.2789691902074509,3.5476518978940774,1.6241480223921216,0.276279467345560,1.50953134702096,-0.134335983418583 - 0.211420507419501*I,-0.134335983418583 + 0.211420507419501*I
0.2,100,11.200000000000001,41.39935232846925,13.163124226226346,2.0000000000000004,61.390861942135146,0.17077072080948608,1.204134004095674e-10,17.98654555355399,0.2814824261552773,3.579188384922105,1.6241480223921216,0.276279467345356,1.50953134702354,-0.1343359834185 - 0.211420507419408*I,-0.1343359834185 + 0.211420507419408*I
0.2,100,11.3,41.39935232846925,13.163124226226346,2.0000000000000004,61.390861942135146,0.172296023482259,7.259893979499942e-11,18.147115475260264,0.2839956621031037,3.6158583789456245,1.6241480223921216,0.276279467345211,1.50953134702538,-0.134335983418442 - 0.211420507419343*I,-0.134335983418442 + 0.211420507419343*I
0.2,100,11.4,41.39935232846925,13.163124226226346,2.0000000000000004,61.390861942135146,0.1738212830530847,4.038577304350964e-11,18.30765944937821,0.28650889805093005,3.6478572810256793,1.6241480223921216,0.276279467345113,1.50953134702662,-0.134335983418402 - 0.211420507419299*I,-0.134335983418402 + 0.211420507419299*I
0.2,100,11.5,41.39935232846925,13.163124226226346,2.0000000000000004,61.390861942135146,0.17534649316829234,2.0144805997090053e-11,18.468330694304523,0.2890221339987564,3.6798561662632068,1.6241480223921216,0.276279467345052,1.50953134702740,-0.134335983418377 - 0.211420507419271*I,-0.134335983418377 + 0.211420507419271*I
0.2,100,11.600000000000001,41.39935232846925,13.163124226226346,2.0000000000000004,61.390861942135146,0.17687169183689894,8.594616477137153e-12,18.628824618502698,0.29153536994655505,3.711854743380094,1.6241480223921216,0.276279467345017,1.50953134702784,-0.134335983418363 - 0.211420507419255*I,-0.134335983418363 + 0.211420507419255*I
0.2,100,11.700000000000001,41.39935232846925,13.163124226226346,2.0000000000000004,61.390861942135146,0.17839688337647208,2.873670962175213e-12,18.789520814346094,0.29404860589435367,3.7438536538303424,1.6241480223921216,0.276279467345000,1.50953134702806,-0.134335983418356 - 0.211420507419248*I,-0.134335983418356 + 0.211420507419248*I
0.2,100,11.8,41.39935232846925,13.163124226226346,2.0000000000000004,61.390861942135146,0.17992200125557148,6.226704155178966e-13,18.950111433042768,0.2965618418422078,3.775852256143075,1.6241480223921216,0.276279467344993,1.50953134702815,-0.134335983418353 - 0.211420507419245*I,-0.134335983418353 + 0.211420507419245*I
0.2,100,11.9,41.39935232846925,13.163124226226346,2.0000000000000004,61.390861942135146,0.1814398889625604,4.934816493891719e-14,19.11070661637501,0.2990750777900064,3.8078509843177955,1.6241480223921216,0.276279467344991,1.50953134702817,-0.134335983418353 - 0.211420507419244*I,-0.134335983418353 + 0.211420507419244*I
0.2,100,12.0,41.39935232846925,13.163124226226346,2.0000000000000004,61.390861942135146,0.1829647373616261,1.4430961591683832e-08,19.271195484807354,0.3015883137378328,3.839849619060587,1.6241480223921216,0.276279467388761,1.50953134647380,-0.134335983436047 - 0.211420507438987*I,-0.134335983436047 + 0.211420507438987*I
0.2,100,12.100000000000001,41.39935232846925,13.163124226226346,2.0000000000000004,61.390861942135146,0.18448881962619382,1.9599435511677398e-14,19.431901344687905,0.3041015496856314,3.871848505526465,1.6241480223921216,0.276279467344991,1.50953134702817,-0.134335983418353 - 0.211420507419244*I,-0.134335983418353 + 0.211420507419244*I
0.2,100,12.200000000000001,41.39935232846925,13.163124226226346,2.0000000000000004,61.390861942135146,0.1860128166175183,4.1018372280107984e-13,19.148687582698557,0.3066147856334578,3.903847212054501,1.6241480223921216,0.276279467344992,1.50953134702815,-0.134335983418353 - 0.211420507419244*I,-0.134335983418353 + 0.211420507419244*I
0.2,100,12.3,41.39935232846925,13.163124226226346,2.0000000000000004,61.390861942135146,0.18753676977009187,2.2840059827491255e-12,19.305661671935454,0.30912802158122865,3.9358458383498274,1.6241480223921216,0.276279467344998,1.50953134702808,-0.134335983418355 - 0.211420507419247*I,-0.134335983418355 + 0.211420507419247*I
0.2,100,12.4,41.39935232846925,13.163124226226346,2.0000000000000004,61.390861942135146,0.18906069103066397,7.611331397930935e-12,19.46260045505651,0.3116412575290828,3.9678447429043473,1.6241480223921216,0.276279467345014,1.50953134702788,-0.134335983418362 - 0.211420507419254*I,-0.134335983418362 + 0.211420507419254*I
0.2,100,12.5,41.39935232846925,13.163124226226346,2.0000000000000004,61.390861942135146,0.1905861982041665,1.9262937885163155e-11,19.619508733106823,0.31415449347690916,3.999843325900976,1.6241480223921216,0.276279467345049,1.50953134702743,-0.134335983418376 - 0.21142050741927*I,-0.134335983418376 + 0.21142050741927*I
0.2,100,12.600000000000001,41.39935232846925,13.163124226226346,2.0000000000000004,61.390861942135146,0.19211141004252497,4.104562151285418e-11,19.77651239020988,0.3166677294247078,4.031842211253078,1.6241480223921216,0.276279467345115,1.50953134702659,-0.134335983418403 - 0.2114205074193*I,-0.134335983418403 + 0.2114205074193*I
0.2,100,12.700000000000001,41.39935232846925,13.163124226226346,2.0000000000000004,61.390861942135146,0.19363638712657363,7.77525764442147e-11,19.933469839593183,0.3191809653725064,4.063840915329742,1.6241480223921216,0.276279467345227,1.50953134702518,-0.134335983418448 - 0.21142050741935*I,-0.134335983418448 + 0.21142050741935*I
0.2,100,12.8,41.39935232846925,13.163124226226346,2.0000000000000004,61.390861942135146,0.19515657407505618,1.3515805018157752e-10,20.090422956979907,0.3216942013203328,4.095839674707058,1.6241480223921216,0.276279467345401,1.50953134702298,-0.134335983418518 - 0.211420507419429*I,-0.134335983418518 + 0.211420507419429*I
0.2,100,12.9,41.39935232846925,13.163124226226346,2.0000000000000004,61.390861942135146,0.19665502555714207,2.2006147246282623e-10,20.247380014158225,0.3242074372681314,4.1278384148748515,1.6241480223921216,0.276279467345658,1.50953134701972,-0.134335983418623 - 0.211420507419545*I,-0.134335983418623 + 0.211420507419545*I
0.2,100,13.0,41.39935232846925,13.163124226226346,2.0000000000000004,61.390861942135146,0.19817986009112679,3.4031308578635064e-10,20.404340580154166,0.32672067321595777,4.159837013504308,1.6241480223921216,0.276279467346023,1.50953134701510,-0.13433598341877 - 0.211420507419709*I,-0.13433598341877 + 0.211420507419709*I
0.2,100,13.100000000000001,41.39935232846925,13.163124226226346,2.0000000000000004,61.390861942135146,0.19970360484079794,5.048115168383815e-10,20.561303679874282,0.3292339091638119,4.191836100378765,1.6241480223921216,0.276279467346522,1.50953134700878,-0.134335983418972 - 0.211420507419934*I,-0.134335983418972 + 0.211420507419934*I
0.2,100,13.200000000000001,41.39935232846925,13.163124226226346,2.0000000000000004,61.390861942135146,0.20122421469629911,7.234869657024933e-10,20.718217020919603,0.33174714511158276,4.223834696636786,1.6241480223921216,0.276279467347185,1.50953134700038,-0.13433598341924 - 0.211420507420234*I,-0.13433598341924 + 0.211420507420234*I
0.2,100,13.3,41.39935232846925,13.163124226226346,2.0000000000000004,61.390861942135146,0.20274499787482675,1.007400940357609e-09,20.875205167675695,0.33426038105940914,4.255833430794276,1.6241480223921216,0.276279467348046,1.50953134698947,-0.134335983419588 - 0.211420507420622*I,-0.134335983419588 + 0.211420507420622*I
0.2,100,13.4,41.39935232846925,13.163124226226346,2.0000000000000004,61.390861942135146,0.20427358303281412,1.3685814585539761e-09,21.032056153222744,0.3367736170072355,4.287832341258735,1.6241480223921216,0.276279467349142,1.50953134697560,-0.134335983420031 - 0.211420507421116*I,-0.134335983420031 + 0.211420507421116*I
0.2,100,13.5,41.39935232846925,13.163124226226346,2.0000000000000004,61.390861942135146,0.20579840260724155,1.82020968763897e-09,21.189121490581922,0.3392868529550064,4.319831047734368,1.6241480223921216,0.276279467350511,1.50953134695825,-0.134335983420584 - 0.211420507421734*I,-0.134335983420584 + 0.211420507421734*I
0.2,100,13.600000000000001,41.39935232846925,13.163124226226346,2.0000000000000004,61.390861942135146,0.20536906671962285,2.37641017533327e-09,21.34586210919482,0.34180008890288827,4.351829779380978,1.6241480223921216,0.276279467352198,1.50953134693688,-0.134335983421266 - 0.211420507422495*I,-0.134335983421266 + 0.211420507422495*I
0.2,100,13.700000000000001,41.39935232846925,13.163124226226346,2.0000000000000004,61.390861942135146,0.2068790669783529,3.05240772787631e-09,21.422918089335685,0.34431332485065913,4.383828405797097,1.6241480223921216,0.276279467354249,1.50953134691091,-0.134335983422095 - 0.21142050742342*I,-0.134335983422095 + 0.21142050742342*I
0.2,100,13.8,41.39935232846925,13.163124226226346,2.0000000000000004,61.390861942135146,0.2103881277967403,3.864364454208805e-09,21.660000773086367,0.3468265607984855,4.415827316245569,1.6241480223921216,0.276279467356712,1.50953134687972,-0.134335983423091 - 0.211420507424531*I,-0.134335983423091 + 0.211420507424531*I
0.2,100,13.9,41.39935232846925,13.163124226226346,2.0000000000000004,61.390861942135146,0.20989926846451826,4.829519375782918e-09,21.816947158021105,0.3493397967462841,4.447826028671997,1.6241480223921216,0.276279467359639,1.50953134684265,-0.134335983424274 - 0.211420507425851*I,-0.134335983424274 + 0.211420507425851*I
0.2,100,14.0,41.39935232846925,13.163124226226346,2.0000000000000004,61.390861942135146,0.21343640639768363,5.965897164199306e-09,21.958035695126256,0.3518530326941105,4.479824630885254,1.6241480223921216,0.276279467363086,1.50953134679899,-0.134335983425668 - 0.211420507427406*I,-0.134335983425668 + 0.211420507427406*I
0.2,100,14.100000000000001,41.39935232846925,13.163124226226346,2.0000000000000004,61.390861942135146,0.21496069262876444,7.29258015075663e-09,22.130727343748312,0.3543662686419369,4.5118233807102115,1.6241480223921216,0.276279467367110,1.50953134674803,-0.134335983427294 - 0.211420507429221*I,-0.134335983427294 + 0.211420507429221*I
0.2,100,14.200000000000001,41.39935232846925,13.163124226226346,2.0000000000000004,61.390861942135146,0.21648475312729745,8.829606775683577e-09,14.5212066097775,0.3568795045897355,4.543822118306728,1.6241480223921216,0.276279467371771,1.50953134668898,-0.134335983429179 - 0.211420507431324*I,-0.134335983429179 + 0.211420507431324*I
0.2,100,14.3,41.39935232846925,13.163124226226346,2.0000000000000004,61.390861942135146,0.21800889924886147,1.0597523737195614e-08,22.44477312142382,0.3593927405375341,4.575820846396184,1.6241480223921216,0.276279467377133,1.50953134662107,-0.134335983431347 - 0.211420507433742*I,-0.134335983431347 + 0.211420507433742*I
0.2,100,14.4,41.39935232846925,13.163124226226346,2.0000000000000004,61.390861942135146,0.21953280017657484,1.2617973530583715e-08,22.601521711821015,0.3619059764853605,4.607819602227892,1.6241480223921216,0.276279467383262,1.50953134654345,-0.134335983433824 - 0.211420507436507*I,-0.134335983433824 + 0.211420507436507*I
0.2,100,14.5,41.39935232846925,13.163124226226346,2.0000000000000004,61.390861942135146,0.22105651468295853,1.491327502508968e-08,22.714211630776777,0.36441921243318687,4.639818358979753,1.6241480223921216,0.276279467390224,1.50953134645528,-0.134335983436638 - 0.211420507439647*I,-0.134335983436638 + 0.211420507439647*I
0.2,100,14.600000000000001,41.39935232846925,13.163124226226346,2.0000000000000004,61.390861942135146,0.22257999753770638,1.7506304505660543e-08,22.909790787164084,0.3669324483809855,4.671817216389762,1.6241480223921216,0.276279467398088,1.50953134635567,-0.134335983439818 - 0.211420507443194*I,-0.134335983439818 + 0.211420507443194*I
0.2,100,14.700000000000001,41.39935232846925,13.163124226226346,2.0000000000000004,61.390861942135146,0.22410288035252604,2.0420693715867344e-08,23.067996139791703,0.36944568432881186,4.703815827121538,1.6241480223921216,0.276279467406928,1.50953134624371,-0.134335983443391 - 0.211420507447182*I,-0.134335983443391 + 0.211420507447182*I
0.2,100,14.8,41.39935232846925,13.163124226226346,2.0000000000000004,61.390861942135146,0.2256257458813244,2.3680637590433986e-08,23.222097223052405,0.37195892027663824,4.735814464191357,1.6241480223921216,0.276279467416815,1.50953134611848,-0.134335983447388 - 0.211420507451641*I,-0.134335983447388 + 0.211420507451641*I
0.2,100,14.9,41.39935232846925,13.163124226226346,2.0000000000000004,61.390861942135146,0.2271481396110868,2.731088043623384e-08,23.386511834821633,0.3744721562244646,4.767813333637072,1.6241480223921216,0.276279467427826,1.50953134597902,-0.134335983451839 - 0.211420507456608*I,-0.134335983451839 + 0.211420507456608*I
0.2,100,15.0,41.39935232846925,13.163124226226346,2.0000000000000004,61.390861942135146,0.2286700340805612,5.00179789036019e-11,23.543470051113133,0.3769853921722355,4.799812586988139,1.6241480223921216,0.276279467345142,1.50953134702625,-0.134335983418414 - 0.211420507419312*I,-0.134335983418414 + 0.211420507419312*I
