mass,maxEigH,minEigH,kG,maxG,kC,alpha1,alpha2_r1,alpha2_r2,alpha2_r3,alpha2_r4
0.0,26.43113890337936,0.00015866342730005495,11.440250391589135,258.9942523407095,0.8652132624310364,2.0504064512304274,0.276279467344991,1.50953134702817,-0.134335983418353 - 0.211420507419244*I,-0.134335983418353 + 0.211420507419244*I
0.01,26.441084365940867,0.00017850608617754927,11.586437838306304,259.0808842998587,0.9051562677465936,2.201182183242438,0.276250378691115,1.50895774493490,-0.134319963854417 - 0.211391059695314*I,-0.134319963854417 + 0.211391059695314*I
0.02,26.449983273235617,0.0001987572935672349,11.691566712121418,259.1927433406258,0.9056820861905032,2.2008118661077782,0.276224364571964,1.50844486635089,-0.134305636752669 - 0.211364723028282*I,-0.134305636752669 + 0.211364723028282*I
0.03,26.462075133957505,0.00021998441614287995,11.791719602478864,259.29295474754423,0.9162913922681252,2.2003089775171794,0.276189037006536,1.50774851529388,-0.134286179226981 - 0.211328955274659*I,-0.134286179226981 + 0.211328955274659*I
0.04,26.47781492559214,0.00023652152624005406,11.877941452893129,259.4006831770563,0.9260105346324883,2.1996548911945033,0.276143086983705,1.50684303332873,-0.134260869213777 - 0.211282428974041*I,-0.134260869213777 + 0.211282428974041*I
0.05,26.48564256616841,0.00026243790611620493,11.990051606478744,259.5070439235401,0.9365219666672168,2.1993298211080026,0.276120250194252,1.50639312174644,-0.134248289538793 - 0.211259304208141*I,-0.134248289538793 + 0.211259304208141*I
0.06,26.501309039692778,0.000283667559634074,12.065530113115605,259.5967306742323,0.9465252351319826,2.1986796487699323,0.276074573584797,1.50549344924972,-0.134223126917387 - 0.211213048474632*I,-0.134223126917387 + 0.211213048474632*I
0.07,26.50819212214068,0.00029886017221431694,12.187997045108881,259.71640254376973,0.9709227515023117,2.198394177098466,0.276054517996435,1.50509851157002,-0.134212077891731 - 0.211192737284929*I,-0.134212077891731 + 0.211192737284929*I
0.08,26.52136415365223,0.0003192741820256426,12.291559078187685,259.82316840143665,0.98912073241848,2.1978481849397045,0.276016159195950,1.50434329483287,-0.134190944110366 - 0.211153887368203*I,-0.134190944110366 + 0.211153887368203*I
0.09,26.52972026782705,0.00033936320485257525,12.392117301874755,259.9144981968326,0.9914271883747815,2.1975020275628827,0.275991839459267,1.50386458476659,-0.134177544368831 - 0.211129254730837*I,-0.134177544368831 + 0.211129254730837*I
0.1,26.544141899549523,0.0003591139397823818,12.020773240092097,260.02431407454173,1.0072177196690815,2.196904986776879,0.275949892903391,1.50303909482466,-0.134154431135731 - 0.211086765693506*I,-0.134154431135731 + 0.211086765693506*I
0.11,26.55488617991202,0.00037841946515257104,12.313800705911149,260.1340248763833,1.0324019697286921,2.196460500759682,0.275918663897676,1.50242467505752,-0.134137222271359 - 0.211055130515702*I,-0.134137222271359 + 0.211055130515702*I
0.12,26.564474225918836,0.00040642607439882135,12.67093076321575,260.2348581115785,1.0689450553269206,2.19606407535336,0.275890811167360,1.50187679280946,-0.134121873069375 - 0.211026913870199*I,-0.134121873069375 + 0.211026913870199*I
0.13,26.575718214619492,0.0004158915053291388,12.795835556668994,260.32170082775417,1.0652952301133078,2.1955994570162796,0.275858166742843,1.50123478722380,-0.134103882222328 - 0.210993840934999*I,-0.134103882222328 + 0.210993840934999*I
0.14,26.589949046139843,0.0004339953535974415,12.506274693134367,260.42573544078425,1.1010568456224337,2.1950118404774077,0.275816879635492,1.50042301409954,-0.134081126684621 - 0.210952008791329*I,-0.134081126684621 + 0.210952008791329*I
0.15,26.597708190253332,0.00046324526857883424,12.978587845034486,260.5475465023226,1.0785147956759527,2.1946916501931333,0.275794382082232,1.49998077110638,-0.134068726336309 - 0.21092921279749*I,-0.134068726336309 + 0.21092921279749*I
0.16,26.612298901517423,0.00046888137191881794,13.082303532453599,260.6301036120848,1.107191582883107,2.1940899264809026,0.275752102465078,1.49914984824433,-0.134045420965291 - 0.210886369556164*I,-0.134045420965291 + 0.210886369556164*I
0.17,26.623196436713393,0.0004855508341242402,13.145617489592254,260.7333329473101,1.1139944911204058,2.1936408327833927,0.275720546708841,1.49852983806928,-0.134028025595607 - 0.210854390779713*I,-0.134028025595607 + 0.210854390779713*I
0.18,26.633194137758192,0.0005019061492110234,13.270721515509258,260.8555380802728,1.126749802351448,2.1932290642269243,0.275691613199285,1.49796146736718,-0.134012074854561 - 0.210825067632245*I,-0.134012074854561 + 0.210825067632245*I
0.19,26.64701617986944,0.0005178670893659077,13.394913716346407,260.96136539673375,1.1559241039248163,2.192660166822941,0.275651638145942,1.49717638091306,-0.133990035597996 - 0.210784551459617*I,-0.133990035597996 + 0.210784551459617*I
0.2,26.657078190764235,0.0005332478036618194,13.467386390528551,261.06591961301666,1.1778284506298566,2.1922463057714223,0.275622556644806,1.49660537198882,-0.133974001189827 - 0.210755074264161*I,-0.133974001189827 + 0.210755074264161*I
0.21,26.66756843029943,0.0005482467914498228,13.581770925430975,261.170531285745,1.2015519373171712,2.1918150806490853,0.275592254563203,1.49601051780571,-0.133957292866444 - 0.210724358055748*I,-0.133957292866444 + 0.210724358055748*I
0.22,26.676777827239,0.0005822123208557566,13.683633377187947,261.27281977914777,1.1912951734394992,2.1914367171595597,0.275565666695594,1.49548867795576,-0.133942631744391 - 0.210697405287005*I,-0.133942631744391 + 0.210697405287005*I
0.23,26.688866157485183,0.0005772307162312015,13.780780218600436,261.36050093753556,1.2222253515123505,2.190940371400062,0.275530787622382,1.49480425028052,-0.133923397557731 - 0.210662045343766*I,-0.133923397557731 + 0.210662045343766*I
0.24,26.699524832087256,0.0005911113073705405,13.888861859067902,261.45310873694876,1.237722733123522,2.1905030068451854,0.275500052782662,1.49420127942231,-0.133906447672849 - 0.210630884719748*I,-0.133906447672849 + 0.210630884719748*I
0.25,26.717733933655833,0.0006276957618271105,13.998512189097811,261.602745370394,1.2574495008798743,2.1897564261232274,0.275447587420701,1.49317228096716,-0.133877511397098 - 0.210577688088527*I,-0.133877511397098 + 0.210577688088527*I
0.26,26.719311000243376,0.0006415062574228157,14.10566533207827,261.6909574727646,1.26063048627098,2.1896918016526756,0.275443045926807,1.49308322638228,-0.133875006487132 - 0.210573083031037*I,-0.133875006487132 + 0.210573083031037*I
0.27,26.734519799909535,0.0006564868531909855,14.217474139725432,261.77182874984936,1.2804803015368889,2.1890688744063103,0.275399269128338,1.49222494453389,-0.133850859816596 - 0.210528691368413*I,-0.133850859816596 + 0.210528691368413*I
0.28,26.7403860222887,0.0006430077764061419,14.2898346682859,261.86866290605434,1.300041863360191,2.188828745689157,0.275382393616491,1.49189415406979,-0.133841550984972 - 0.210511577788837*I,-0.133841550984972 + 0.210511577788837*I
0.29,26.761873802873776,0.0006838109317466615,14.39256860441071,261.96854457903356,1.3272046241399054,2.1879498364436207,0.275320625425747,1.49068371107811,-0.133807476013243 - 0.210448933257011*I,-0.133807476013243 + 0.210448933257011*I
0.3,26.77437778565932,0.000666986799052985,14.496678830573511,262.1005397548181,1.4019578208904266,2.1874388762599466,0.275284715227006,1.48998022990228,-0.133787663994956 - 0.210412509994812*I,-0.133787663994956 + 0.210412509994812*I
0.31,26.776032602093036,0.0007067770307409465,14.605516177835813,262.2011577986607,1.3522657279634451,2.187371281000714,0.275279964598187,1.48988717794776,-0.133785042923884 - 0.210407691294262*I,-0.133785042923884 + 0.210407691294262*I
0.32,26.787211124754833,0.0007196877724382276,14.706154000612507,262.336270341564,1.3549260210585994,2.1869148293974834,0.275247884675290,1.48925889810799,-0.133767342803107 - 0.210375150489017*I,-0.133767342803107 + 0.210375150489017*I
0.33,26.797210434293707,0.0007006084936260977,14.82857208417778,262.4111182278048,1.373333642259337,2.1865067705304653,0.275219205442976,1.48869733668177,-0.133751518100667 - 0.210346057446445*I,-0.133751518100667 + 0.210346057446445*I
0.34,26.819999324297907,0.000711397480839293,14.881813122367749,262.5355215260308,1.3931545955976083,2.18557763830193,0.275153902662962,1.48741906810944,-0.133715481933187 - 0.210279806125645*I,-0.133715481933187 + 0.210279806125645*I
0.35000000000000003,26.8352879582332,0.0007542247131343708,14.835256762034343,262.6407891295599,1.515317472644454,2.184954964584126,0.275110137797020,1.48656271205564,-0.133691328563648 - 0.21023540066308*I,-0.133691328563648 + 0.21023540066308*I
0.36,26.830667035755816,0.0007704052169543968,14.851233391725373,262.70765812424446,1.4289991283794337,2.1851431088597253,0.275123361683966,1.48682143957543,-0.133698626900738 - 0.2102488185261*I,-0.133698626900738 + 0.2102488185261*I
0.37,26.855074842586422,0.0007773122467668263,14.7309572288008,262.8164516717926,1.463787907239771,2.184149876197335,0.275053550540653,1.48545583685519,-0.133660095656447 - 0.210177979287921*I,-0.133660095656447 + 0.210177979287921*I
0.38,26.861124998665655,0.0007916371031487371,15.306184025115494,262.94009855429647,1.4684342960031729,2.183903885163153,0.275036260273628,1.48511771580511,-0.133650551750107 - 0.210160432840909*I,-0.133650551750107 + 0.210160432840909*I
0.39,26.871444835944544,0.0008032094126321704,15.438892328721629,263.01859340408873,1.530400422916268,2.1834844864829535,0.275006781180410,1.48454132731034,-0.133634279109247 - 0.210130515552702*I,-0.133634279109247 + 0.210130515552702*I
0.4,26.88267221730864,0.0007697217169522653,15.242288607363916,263.1869799071644,1.5189385695338253,2.183028479487375,0.274974728477566,1.48391475004684,-0.133616584776679 - 0.210097984366249*I,-0.133616584776679 + 0.210097984366249*I
0.41000000000000003,26.9042330909407,0.0007787427591020918,15.622006664340326,263.28609926811043,1.5187130987632542,2.1821535719068725,0.274913229971809,1.48271293989244,-0.1335826321739 - 0.210035561872411*I,-0.1335826321739 + 0.210035561872411*I
0.42,26.897851715382913,0.0007884853137057076,15.524531168898264,263.36520858380146,1.581516618763183,2.182412408854067,0.274931424169898,1.48306844024116,-0.133592677394619 - 0.210054030243905*I,-0.133592677394619 + 0.210054030243905*I
0.43,26.930179208907475,0.0007964515985257608,15.845282773925671,263.45858715045813,1.5592135878644948,2.1811021110623363,0.274839319019888,1.48126923182189,-0.133541821495492 - 0.209960530098074*I,-0.133541821495492 + 0.209960530098074*I
0.44,26.93822697007646,0.000804298461261875,15.74894364321322,263.6198351986586,1.54707326793908,2.1807762859797566,0.274816415107113,1.48082199582040,-0.133529173690461 - 0.209937276564195*I,-0.133529173690461 + 0.209937276564195*I
0.45,26.953926001506453,0.0008124439924189265,16.0597270842849,263.6590746881656,1.6014557379344438,2.1801411083433613,0.274771764542586,1.47995032221882,-0.133504515528181 - 0.209891941297209*I,-0.133504515528181 + 0.209891941297209*I
0.46,26.960627447745257,0.0008203198501067217,16.141347407703023,263.80274220389185,1.5782109828318631,2.1798701390111654,0.274752716160464,1.47957853829102,-0.133493995460689 - 0.209872599555864*I,-0.133493995460689 + 0.209872599555864*I
0.47000000000000003,26.963618988179896,0.0008278842956817831,16.203089081489125,263.9308103395983,1.6368144960708553,2.1797492103154936,0.274744215160819,1.47941263244950,-0.133489300391725 - 0.2098639673915*I,-0.133489300391725 + 0.2098639673915*I
0.48,26.988539426719406,0.0008354372539334314,16.287089849495757,264.0280198939177,1.6404573990229137,2.1787426191359636,0.274673452944155,1.47803200780875,-0.133450215702963 - 0.209792107536233*I,-0.133450215702963 + 0.209792107536233*I
0.49,27.001659262468188,0.0008431180327566261,16.468674748868274,264.0845955314666,1.6757734015183596,2.178213240216538,0.274636237313670,1.47730617012386,-0.13342965793519 - 0.209754310452252*I,-0.13342965793519 + 0.209754310452252*I
0.5,27.008814562613946,0.0009009273691183163,16.572053515502198,264.22900082247685,1.6477226805020964,2.177924689938269,0.274615951811152,1.47691060802995,-0.133418451679628 - 0.2097337067969*I,-0.133418451679628 + 0.2097337067969*I
0.51,27.018651682014713,0.0008571935382776933,16.648855439279547,264.2778178207062,1.7164116242153205,2.177528177634103,0.274588076124919,1.47636712864568,-0.133403051684427 - 0.20970539251686*I,-0.133403051684427 + 0.20970539251686*I
0.52,27.01488811402887,0.0008642810151871299,16.15304417414662,264.36708858335146,1.709932981698842,2.177679853071228,0.274598739281975,1.47657501108217,-0.133408942671496 - 0.209716223638414*I,-0.133408942671496 + 0.209716223638414*I
0.53,27.04292732752305,0.0008709287738948176,16.879385305894022,264.4767397470362,1.710400659997014,2.1765506064981546,0.274519349262249,1.47502763445245,-0.133365079792851 - 0.209635577388548*I,-0.133365079792851 + 0.209635577388548*I
0.54,27.057307818513337,0.0008775523225643232,16.85345134203636,264.59809989008346,1.7199929360372905,2.175972130129838,0.274478679258875,1.47423526748393,-0.133342607050898 - 0.20959425874515*I,-0.133342607050898 + 0.20959425874515*I
0.55,27.07271248470563,0.0008841680978968121,17.08431139985042,264.7848571652316,1.726871589062679,2.1753529662020874,0.274435147899054,1.47338739688317,-0.133318551259036 - 0.209550029278097*I,-0.133318551259036 + 0.209550029278097*I
0.56,27.057992253033426,0.0008904939441106496,17.186784963715972,264.8697014901153,1.7786586903851158,2.1759446092434973,0.274476744374329,1.47419757592888,-0.133341537860865 - 0.209592292915263*I,-0.133341537860865 + 0.209592292915263*I
0.5700000000000001,27.086617147110093,0.0008967067173224122,16.767790530276994,265.00387933329523,1.7776799139447228,2.174794545944913,0.274395886516178,1.47262290969471,-0.133296853342774 - 0.20951013486318*I,-0.133296853342774 + 0.20951013486318*I
0.58,27.10800775383964,0.0009028439164816989,17.11921661861915,265.04390395179774,1.8037936451473209,2.1739363243444134,0.274335545410245,1.47144836310844,-0.133263502418036 - 0.209448814547631*I,-0.133263502418036 + 0.209448814547631*I
0.59,27.11952505957252,0.0009842675048212601,17.487427964733655,265.12178314869095,1.7813207414170669,2.1734746542355805,0.274303084977521,1.47081671714414,-0.133245559698594 - 0.209415824189726*I,-0.133245559698594 + 0.209415824189726*I
0.6,27.113107354324736,0.00099209810533611,17.01445146561664,265.1240079766175,1.8574377623658935,2.1737318710530795,0.274321170175082,1.47116861884766,-0.133255556551868 - 0.209434204905877*I,-0.133255556551868 + 0.209434204905877*I
0.61,27.127850091166447,0.0009203224216122552,17.65777684745082,265.3570672570909,1.8306197865062988,2.173141129213988,0.274279634256054,1.47036047778074,-0.13323259644845 - 0.209391989251976*I,-0.13323259644845 + 0.209391989251976*I
0.62,27.156055211500426,0.00100635599037904,17.59877107049168,265.51183514641076,1.8539927379119783,2.172012290171812,0.274200261875044,1.46881681104651,-0.133188716025902 - 0.20931130785327*I,-0.133188716025902 + 0.20931130785327*I
0.63,27.167485743460297,0.0009314577303994981,17.79613843770722,265.6156539367394,1.860977812835346,2.1715553125155402,0.274168129507639,1.46819212532924,-0.133170949947873 - 0.209278641783413*I,-0.133170949947873 + 0.209278641783413*I
0.64,27.177240090408922,0.0009368829563075927,17.862801843581966,265.7489407558869,1.907692864412826,2.1711655745425853,0.274140724748050,1.46765945733952,-0.133155796892658 - 0.209250780124683*I,-0.133155796892658 + 0.209250780124683*I
0.65,27.193316854923083,0.0009421297427214623,17.913732710370777,265.85179464581216,1.8826967019646912,2.1705236800946737,0.274095588693329,1.46678236225976,-0.133130837802835 - 0.209204888095547*I,-0.133130837802835 + 0.209204888095547*I
0.66,27.202519641135147,0.0009474036304658163,18.114258860124465,265.95393063069685,1.9203134391061918,2.1701564980219894,0.274069769184150,1.46628075260558,-0.133116559275345 - 0.209178634206082*I,-0.133116559275345 + 0.209178634206082*I
0.67,27.202845221712405,0.0009525076946980244,17.835026862946577,266.08142168620793,1.9604224029914787,2.170143511091509,0.274068855963998,1.46626301259943,-0.133116054239334 - 0.209177705596369*I,-0.133116054239334 + 0.209177705596369*I
0.68,27.232691563439854,0.0009573793430454447,17.625779104118028,266.0717667096606,1.9645395562875496,2.168953973854386,0.273985208117746,1.46463855751138,-0.133069790813948 - 0.209092640636997*I,-0.133069790813948 + 0.209092640636997*I
0.6900000000000001,27.235315195999213,0.0009623718608985267,18.50744371968202,266.2886357012856,1.9565235968075412,2.168849501494209,0.273977861516869,1.46449592960382,-0.13306572723769 - 0.209085168866585*I,-0.13306572723769 + 0.209085168866585*I
0.7000000000000001,27.255086512782995,0.0009671114163074732,18.484555773721212,266.32800821329744,1.9806385723490028,2.1680626980839337,0.273922531987053,1.46342198434079,-0.133035121291476 - 0.20902889297015*I,-0.133035121291476 + 0.20902889297015*I
0.71,27.26662095124106,0.0010662363909731082,18.612510048482104,266.4449135569453,2.053043097863153,2.1676040781645383,0.273890280361337,1.46279616790856,-0.133017279518336 - 0.208996086709826*I,-0.133017279518336 + 0.208996086709826*I
0.72,27.269964014916066,0.0009763890835480933,18.791769354352173,266.5747065941178,2.0093958840603725,2.1674712092587898,0.273880936512117,1.46261488389032,-0.133012110238017 - 0.208986581760738*I,-0.133012110238017 + 0.208986581760738*I
0.73,27.285068705840352,0.0009809977053669924,18.921699628009144,266.7172360297969,2.010796832137191,2.1668711830083707,0.273838739920864,1.46179635375286,-0.132988764705818 - 0.208943655335343*I,-0.132988764705818 + 0.208943655335343*I
0.74,27.29589736555674,0.0009854451707472026,18.762291229181827,266.7961098570123,2.038987985212771,2.166441326499321,0.273808509990170,1.46121009801554,-0.132972038605076 - 0.208912900218021*I,-0.132972038605076 + 0.208912900218021*I
0.75,27.31031519845922,0.000989965946291706,18.783123605601304,266.9033927263564,2.056851417227266,2.165869390357324,0.273768287633503,1.46043024448182,-0.132949782180389 - 0.208871976058986*I,-0.132949782180389 + 0.208871976058986*I
0.76,27.32273294855255,0.0009942415005270372,18.38676669960826,267.01128370328587,2.070810472222064,2.1653771577275736,0.273733670024284,1.45975923033498,-0.132930625634283 - 0.208836751678796*I,-0.132930625634283 + 0.208836751678796*I
0.77,27.334497679295097,0.0009983807177685363,18.492952841536514,267.14761025661926,2.158039572982319,2.1649111198801694,0.273700894181031,1.45912406236299,-0.132912487062677 - 0.208803398990737*I,-0.132912487062677 + 0.208803398990737*I
0.78,27.344231651397337,0.0010026603490537376,18.73634044174699,267.23948962961657,2.2145710021788743,2.1645257541392326,0.273673791570853,1.45859894414451,-0.132897487238046 - 0.20877581765051*I,-0.132897487238046 + 0.20877581765051*I
0.79,27.363795269013604,0.0010067271041637662,18.637773973761178,267.34020734127455,2.1128881553566816,2.163751857002057,0.273619362805005,1.45754466985664,-0.132867361424064 - 0.208720422733837*I,-0.132867361424064 + 0.208720422733837*I
0.8,27.378191569352595,0.0010107837800020741,19.545092195842884,267.4342117446841,2.1755082112665365,2.1631828983565997,0.273579346747886,1.45676981663820,-0.132845210825522 - 0.208679692319081*I,-0.132845210825522 + 0.208679692319081*I
0.81,27.37636289827949,0.0011055939141444144,19.093154695803527,267.54964892517984,2.131256586745425,2.163255144694626,0.273584428020679,1.45686819642545,-0.132848023625258 - 0.208684864491666*I,-0.132848023625258 + 0.208684864491666*I
0.8200000000000001,27.38012897632369,0.0010185353387414026,18.945593595411424,267.65554282176254,2.2000626390215636,2.163106364024511,0.273573963877906,1.45666560127446,-0.132842231041924 - 0.208674213093653*I,-0.132842231041924 + 0.208674213093653*I
0.8300000000000001,27.403088569075127,0.0011310333395831843,19.823429549168047,267.8007423896227,2.181990680289118,2.1621999981572695,0.273510215783607,1.45543169376035,-0.132806939712699 - 0.208609319160435*I,-0.132806939712699 + 0.208609319160435*I
0.84,27.417995684138624,0.001025984539782901,19.760277302569573,267.90166567649,2.207021237979618,2.1616121261102377,0.273468867672653,1.45463164711097,-0.132784046744859 - 0.208567223176374*I,-0.132784046744859 + 0.208567223176374*I
0.85,27.443437861180087,0.0010298465455524793,19.67867877957985,268.0049974639733,2.2305579401045317,2.1606099034476616,0.273398374538802,1.45326819244912,-0.132745012851826 - 0.208495446544272*I,-0.132745012851826 + 0.208495446544272*I
0.86,27.453670953668066,0.0011454642190915421,19.25883153282859,268.1408585312385,2.2612577811311696,2.1602071926100033,0.273370048588934,1.45272050611314,-0.132729326478332 - 0.208466601840081*I,-0.132729326478332 + 0.208466601840081*I
0.87,27.467005696403948,0.0010368969013154247,19.763477574639143,268.2410434897068,2.256854698714052,2.159682757866119,0.273333160322171,1.45200742485194,-0.132708897119057 - 0.208429035419285*I,-0.132708897119057 + 0.208429035419285*I
0.88,27.469461662286808,0.0010405309614583498,20.45904028420245,268.22112181509164,2.240061258791653,2.1595862101834977,0.273326369186454,1.45187616604624,-0.132705135905795 - 0.208422119115532*I,-0.132705135905795 + 0.208422119115532*I
0.89,27.493677978806176,0.0010438999169739551,19.674851641863334,268.41681657376915,2.2586880302218137,2.158634923416315,0.273259454979236,1.45058317610412,-0.132668073289762 - 0.208353966284512*I,-0.132668073289762 + 0.208353966284512*I
0.9,27.48831959836092,0.0010473554281974257,20.24952008002545,268.4277649605957,2.304748629310187,2.1588453077486225,0.273274253719230,1.45086908278933,-0.132676270484309 - 0.208369039791121*I,-0.132676270484309 + 0.208369039791121*I
0.91,27.515730180718514,0.0010506990835582647,20.60701015710048,268.6267679770177,2.353053291374784,2.157769742038921,0.273198595957941,1.44940770376701,-0.132634360199596 - 0.20829197232322*I,-0.132634360199596 + 0.20829197232322*I
0.92,27.48968312910319,0.001053996909104832,19.88174956229516,268.7412714756256,2.3317980455994354,2.158791766053827,0.273270487526709,1.45079631847569,-0.132674184369546 - 0.208365203716993*I,-0.132674184369546 + 0.208365203716993*I
0.93,27.52769155301747,0.0010572757223665274,20.82267403545068,268.8772148939743,2.3450066995099075,2.1573008924894244,0.273165615302447,1.44877089701168,-0.132616088709275 - 0.208258373273588*I,-0.132616088709275 + 0.208258373273588*I
0.9400000000000001,27.519112064246443,0.0010603347517872841,20.660609748419766,268.8751462978856,2.4136850028956993,2.1576371514571377,0.273189269076645,1.44922760120886,-0.132629193172084 - 0.208282470799822*I,-0.132629193172084 + 0.208282470799822*I
0.9500000000000001,27.558045064759725,0.001063597184748214,20.607213032848293,268.9303633931138,2.4549529685681635,2.156112497253635,0.273082017177170,1.44715738516625,-0.132569769369272 - 0.208173197104101*I,-0.132569769369272 + 0.208173197104101*I
0.96,27.563608207309436,0.0010666131673930516,20.294204204083453,269.1727173928833,2.523160389511868,2.155894902982781,0.273066710130046,1.44686204639563,-0.132561287322165 - 0.208157599470012*I,-0.132561287322165 + 0.208157599470012*I
0.97,27.585532313836982,0.0010697905999429646,20.71557528647494,269.18206885741756,2.3766980754743265,2.1550380142321024,0.273006429923060,1.44569928188444,-0.132527881878599 - 0.208096169960344*I,-0.132527881878599 + 0.208096169960344*I
0.98,27.58097612243431,0.001072785661542902,20.85277401361363,269.43646032004057,2.409891539347645,2.155216005760834,0.273018951344076,1.44594077228686,-0.132534821202277 - 0.20810893076502*I,-0.132534821202277 + 0.20810893076502*I
0.99,27.59336813965165,0.0010756855932591023,20.66337584318617,269.50750108248354,2.5162671344789906,2.1547320040809623,0.272984902454837,1.44528414745100,-0.132515951025987 - 0.208074230133926*I,-0.132515951025987 + 0.208074230133926*I
1.0,27.619509959329296,0.0010785690924966123,20.464259952001573,269.5985746915737,2.4751676061709738,2.1537120375675487,0.272913147683330,1.44390087298939,-0.132476179666353 - 0.208001093611238*I,-0.132476179666353 + 0.208001093611238*I
1.01,27.62832838660261,0.0010814605577814708,21.7999903356684,269.7268630576856,2.507291889045735,2.153368298553648,0.272888965158781,1.44343483959000,-0.132462774764594 - 0.207976442884559*I,-0.132462774764594 + 0.207976442884559*I
1.02,27.64540505383267,0.001084272717696774,20.773884509436417,269.87731975115804,2.559269936544362,2.152703124103405,0.272842168567981,1.44253321770722,-0.132436832517826 - 0.207928736630412*I,-0.132436832517826 + 0.207928736630412*I
1.03,27.64747288350104,0.001087090779441383,21.732838939429342,269.8820725115183,2.936218116076054,2.152622619338239,0.272836504811755,1.44242411461912,-0.132433692579429 - 0.207922962453707*I,-0.132433692579429 + 0.207922962453707*I
1.04,27.660828113295114,0.001089871417823228,20.358490850817866,269.99313898012434,2.5373482187353016,2.1521028908509154,0.272799940033382,1.44171985487686,-0.132413420503929 - 0.207885683120857*I,-0.132413420503929 + 0.207885683120857*I
1.05,27.6529596804139,0.0010926046303335682,22.211700434099452,270.1200302689847,2.5276712216565436,2.1524090510762743,0.272821479573269,1.44213469817185,-0.13242536253906 - 0.207907643943649*I,-0.13242536253906 + 0.207907643943649*I
1.06,27.667037858188912,0.001095209428611034,22.17122056050025,270.32658407522905,2.576182764940937,2.1518613622860694,0.272782947454227,1.44139262732842,-0.13240399904207 - 0.207868357474513*I,-0.13240399904207 + 0.207868357474513*I
1.07,27.684905431784433,0.0010976807994653858,21.991813963976757,270.36791932786457,2.716761556936567,2.1511668548235865,0.272734085247002,1.44045189502100,-0.132376905781558 - 0.207818534008124*I,-0.132376905781558 + 0.207818534008124*I
1.08,27.720037346852266,0.0011004829553133706,22.292232899401963,270.4663621087606,2.6137918028680587,2.1498032460559933,0.272638145696675,1.43860570624789,-0.132323701060215 - 0.207720691817963*I,-0.132323701060215 + 0.207720691817963*I
1.09,27.738382809347442,0.0011030957534170528,22.62334981719141,270.555045612573,2.5960248998656947,2.1490922158156636,0.272588118322336,1.43764349627535,-0.132295953478165 - 0.207669664295646*I,-0.132295953478165 + 0.207669664295646*I
1.1,27.721451767007082,0.0011056257601547129,22.25788476064294,270.7014836395111,2.615596353325711,2.1497484010959766,0.272634286893205,1.43853147560725,-0.132321560883993 - 0.207716756065143*I,-0.132321560883993 + 0.207716756065143*I
1.11,27.759218864709567,0.0011080425686014926,22.295523978340004,270.8660733550545,2.6123490872357618,2.1482855106547643,0.272531358241552,1.43655218930736,-0.132264468163238 - 0.207611762795078*I,-0.132264468163238 + 0.207611762795078*I
1.12,27.77051653286964,0.0011105836680581657,22.903176145847304,270.9198979175071,2.6584256634888033,2.147848480869171,0.272500608167605,1.43596114446859,-0.132247409293162 - 0.207580391385333*I,-0.132247409293162 + 0.207580391385333*I
1.1300000000000001,27.769180964771415,0.001112810839355776,21.99295861537165,271.09345385127233,3.022927373506828,2.1479001309956867,0.272504242366287,1.43603099066416,-0.132249425452615 - 0.207584099125297*I,-0.132249425452615 + 0.207584099125297*I
1.1400000000000001,27.76133913526121,0.0011153602789050563,22.9988088861372,271.1836791320428,2.715386517759006,2.148203471502099,0.272525585869545,1.43644122952838,-0.132261265972085 - 0.207605873945547*I,-0.132261265972085 + 0.207605873945547*I
1.1500000000000001,27.825942107667096,0.0011176716223437306,23.108614019751116,271.3192807537082,2.763177604331771,2.1457083003839963,0.272350016887898,1.43306843086577,-0.13216385186767 - 0.20742672709733*I,-0.13216385186767 + 0.20742672709733*I
1.16,27.83392811230296,0.0011200394211743209,22.085697490506927,271.43015515891597,2.7468819552743375,2.145400459074926,0.272328355324245,1.43265257751764,-0.132151830545393 - 0.207404619372797*I,-0.132151830545393 + 0.207404619372797*I
1.17,27.852153254131885,0.0011223854063430743,22.63280650113697,271.4200573181943,2.744604222193106,2.1446984195284378,0.272278954977147,1.43170443171837,-0.13212441326592 - 0.207354197639567*I,-0.13212441326592 + 0.207354197639567*I
1.18,27.853174694716394,0.001124623414996184,23.542026462600536,271.6438555793004,2.750153580687424,2.144659093632629,0.272276187710001,1.43165132873435,-0.132122877344857 - 0.207351372997088*I,-0.132122877344857 + 0.207351372997088*I
1.19,27.864793604417972,0.0011268970856259507,23.062481827149984,271.7604539361127,2.7597121605107553,2.144211912884575,0.272244720502523,1.43104755345502,-0.132105411426956 - 0.207319252165752*I,-0.132105411426956 + 0.207319252165752*I
1.2,27.886995029325433,0.0011290271325120154,23.623962860842784,271.81828051022876,2.765266061339699,2.1433582167756637,0.272184646654797,1.42989524973004,-0.132072064188048 - 0.207257924376883*I,-0.132072064188048 + 0.207257924376883*I
1.21,27.893823259837383,0.0011311639320471286,22.525504420751517,271.9134276937196,2.8254054420636385,2.1430958604897055,0.272166184616883,1.42954121586153,-0.132061814999759 - 0.207239075361664*I,-0.132061814999759 + 0.207239075361664*I
1.22,27.900489112138402,0.0011334049379860588,23.02168440889185,272.05838618688625,2.8421015974419275,2.14283983605628,0.272148168036540,1.42919576721378,-0.132051812727889 - 0.207220680409272*I,-0.132051812727889 + 0.207220680409272*I
1.23,27.887338832280427,0.0011355516716698001,23.960079214888186,272.19854785034096,2.836857802258071,2.1433450047735407,0.272183716927763,1.42987741992467,-0.132071548060091 - 0.207256975180262*I,-0.132071548060091 + 0.207256975180262*I
1.24,27.89776850940657,0.0011376577305887456,22.928804694599012,272.27245281008135,2.8680302941094036,2.1429443188536275,0.272155520562283,1.42933673889872,-0.132055894677683 - 0.207228187435128*I,-0.132055894677683 + 0.207228187435128*I
1.25,27.945766772143106,0.0011396494308280158,22.924813893006657,272.2635851761254,2.868617681004076,2.1411032205392724,0.272025958452187,1.42685364963145,-0.131983955685546 - 0.20709588515076*I,-0.131983955685546 + 0.20709588515076*I
1.26,27.931210259134907,0.0011417701126149313,23.428536985783843,272.37263720205425,2.8942916844093456,2.141661072077656,0.272065216300767,1.42760580409323,-0.13200575554406 - 0.2071359772403*I,-0.13200575554406 + 0.2071359772403*I
1.27,27.945764477078853,0.0011437192649012245,24.270164440527985,272.48220617370123,2.985238153142938,2.1411033084590243,0.272025964639432,1.42685376815910,-0.13198395912146 - 0.207095891469757*I,-0.13198395912146 + 0.207095891469757*I
1.28,27.956783034988945,0.0011457411923668363,23.738555442508467,272.59000867439084,2.909662267267516,2.1406813322291396,0.271996268429160,1.42628494214494,-0.131967467648812 - 0.207065561917673*I,-0.131967467648812 + 0.207065561917673*I
1.29,27.96968329839192,0.0011476237278082871,24.337013671136496,272.6867129794072,2.9505796886031375,2.1401876094776697,0.271961522733866,1.42561954034030,-0.131948170700366 - 0.207030072683084*I,-0.131948170700366 + 0.207030072683084*I
1.3,27.978568761552612,0.0011495925764584039,23.458913631885235,272.97444649460766,2.9309329742807746,2.139847740980688,0.271937604277187,1.42516157856779,-0.131934886133258 - 0.207005640812952*I,-0.131934886133258 + 0.207005640812952*I
1.31,27.996549178886454,0.0011515237774918107,24.16960908575716,272.8854468812039,2.9946870858585593,2.139160486013554,0.271889237683699,1.42423574161709,-0.131908020777674 - 0.206956232103915*I,-0.131908020777674 + 0.206956232103915*I
1.32,28.00457572687098,0.00132469049845595,23.54227164354579,273.0524919065826,3.001174367418853,2.1388539056722884,0.271867661377635,1.42382282486158,-0.131896035282253 - 0.206934189217694*I,-0.131896035282253 + 0.206934189217694*I
1.33,28.059039974246303,0.0011554093018505392,23.82912784829977,273.1009189493359,3.0089532045778373,2.136777076738385,0.271721495557366,1.42102717473762,-0.131814826843681 - 0.206784835049416*I,-0.131814826843681 + 0.206784835049416*I
1.34,28.015416858746153,0.0011572174680845907,24.168822249411193,273.38156698314657,3.0262678360123383,2.138440029251467,0.271838533609142,1.42326548830738,-0.131879854139536 - 0.206904429912802*I,-0.131879854139536 + 0.206904429912802*I
1.35,28.056527754175903,0.0011590309399075493,25.02264839827484,273.35926134701276,3.020771125678758,2.1368727395756544,0.271728228401005,1.42115588968879,-0.131818568100254 - 0.206791715815031*I,-0.131818568100254 + 0.206791715815031*I
1.36,28.06184360663761,0.001160916989406667,25.326994450084737,273.4661198734079,3.1027644501795444,2.136670332378516,0.271713982767515,1.42088355616342,-0.131810652129798 - 0.206777157081339*I,-0.131810652129798 + 0.206777157081339*I
1.37,28.030189950135796,0.0011626175102967902,25.36696424366025,273.5692467266476,3.1056021141671177,2.1378764309734546,0.271798868263635,1.42250670168144,-0.131857817541276 - 0.206863901492677*I,-0.131857817541276 + 0.206863901492677*I
1.3800000000000001,28.102302130706658,0.0013413164821582993,25.382826993550655,273.6271710342091,3.126889671804719,2.1351317099540106,0.271605690683000,1.41881420311029,-0.131750468942826 - 0.206666469902159*I,-0.131750468942826 + 0.206666469902159*I
1.3900000000000001,28.064723110704985,0.0011661218104568548,24.730786675572823,273.887147044404,3.2249950040175643,2.136560715962331,0.271706267819473,1.42073608068166,-0.13180636501175 - 0.206769272377882*I,-0.13180636501175 + 0.206769272377882*I
1.4000000000000001,28.06804173663096,0.001167886271676614,24.40917499996098,273.97077513929923,3.1247578966121794,2.1364344040619834,0.271697377796630,1.42056615262005,-0.131801424830236 - 0.206760186577426*I,-0.131801424830236 + 0.206760186577426*I
1.41,28.144494883680103,0.0011696189774071416,25.422128419979483,273.6531909883034,3.1820876455579965,2.1335306708526103,0.271493001460142,1.41666244713941,-0.131687827435766 - 0.206551260164037*I,-0.131687827435766 + 0.206551260164037*I
1.42,28.17853645936278,0.0011713022799904839,25.93666913120432,274.1235070979968,3.161537242875358,2.1322415568087467,0.271402264101412,1.41493105463689,-0.131637377627031 - 0.206458472345464*I,-0.131637377627031 + 0.206458472345464*I
1.43,28.166647621280013,0.0011728571578827989,26.006417447602903,274.30222008956673,3.1746485399501996,2.1326915074125656,0.271433935246705,1.41553526156549,-0.131654987830549 - 0.206490861312997*I,-0.131654987830549 + 0.206490861312997*I
1.44,28.15329685426441,0.0011746371086341393,26.021521075968224,274.2077837845611,3.3592427108637857,2.1331971265728584,0.271469524407514,1.41621437023324,-0.131674775167763 - 0.206527254376669*I,-0.131674775167763 + 0.206527254376669*I
1.45,28.181294382771167,0.001176095296509779,26.319196204789634,274.3894737561078,3.2464545265760782,2.1321372198201365,0.271394919978304,1.41479096561260,-0.131633293882658 - 0.2064509614429*I,-0.131633293882658 + 0.2064509614429*I
1.46,28.220126876743592,0.0011779043417841151,26.315870344466667,274.7339001814115,3.250554186609622,2.1306697439866515,0.271291624745962,1.41282135384330,-0.131575849181077 - 0.206345307438404*I,-0.131575849181077 + 0.206345307438404*I
1.47,28.18681338167943,0.0013573956720737597,26.516415445645478,274.71757700788197,3.2402358545247583,2.1319284725790912,0.271380226523283,1.41451070926376,-0.131625123306207 - 0.206435933942203*I,-0.131625123306207 + 0.206435933942203*I
1.48,28.184281613488846,0.001180888967224403,26.322064691474356,274.8824801896338,3.2686812851352327,2.1320242250193475,0.271386966425370,1.41463925963720,-0.131628871189237 - 0.206442827132376*I,-0.131628871189237 + 0.206442827132376*I
1.49,28.19028314380277,0.0011826151044911927,26.655831200911972,274.9656077859516,3.274360638312368,2.131797265803671,0.271370991008486,1.41433456958109,-0.1316199875911 - 0.206426488212719*I,-0.1316199875911 + 0.206426488212719*I
1.5,28.237638526765256,0.0011841295085755989,26.591529941454027,274.9155304093582,3.286376220596526,2.1300089711436656,0.271245112017339,1.41193491177055,-0.131549978324208 - 0.20629772463258*I,-0.131549978324208 + 0.20629772463258*I
1.51,28.2812029986822,0.0011856945160285445,26.206370486872686,275.05177000554374,3.3288979837292905,2.1283678019521983,0.271129584879388,1.40973440521107,-0.131485709825018 - 0.206179518258859*I,-0.131485709825018 + 0.206179518258859*I
1.52,28.23121265086449,0.0011871304248937337,27.03695581274476,275.3498331231385,3.31288979127487,2.1302513694196277,0.271262174851683,1.41226006353412,-0.131559469145803 - 0.206315180590316*I,-0.131559469145803 + 0.206315180590316*I
1.53,28.25281402450029,0.0011885094585824681,25.569435796556128,275.1895713867567,3.3529278027785843,2.1294368460446607,0.271204838778477,1.41116760927296,-0.131527575861057 - 0.206256520869294*I,-0.131527575861057 + 0.206256520869294*I
1.54,28.31426843263389,0.001190187697786126,25.73599531960824,275.29755514337666,3.3788617661300306,2.1271246837824243,0.271042075070139,1.40806871279331,-0.131437016966495 - 0.206089958610739*I,-0.131437016966495 + 0.206089958610739*I
1.55,28.323656704268952,0.0011916768451080211,25.58667142436388,275.43388424054086,3.363967273367654,2.1267721219707254,0.271017255910378,1.40759647704781,-0.131423205240802 - 0.206064554882216*I,-0.131423205240802 + 0.206064554882216*I
1.56,28.329915454993415,0.001193115091650774,27.10001456726363,275.70941923817435,3.413486382627853,2.1265371817740815,0.271000716810413,1.40728183088965,-0.131414000913869 - 0.206047625448139*I,-0.131414000913869 + 0.206047625448139*I
1.57,28.347571067433318,0.0011944596506732186,27.37661518789053,275.9167471166216,3.3915393053525222,2.125874846999351,0.270954089939868,1.40639497443732,-0.131388050402204 - 0.20599989476162*I,-0.131388050402204 + 0.20599989476162*I
1.58,28.39072631984816,0.0011959720994320839,25.91036535723984,276.1153852385675,3.4466175745749763,2.1242585171736352,0.270840301225319,1.40423186336463,-0.131324709553252 - 0.205883391238614*I,-0.131324709553252 + 0.205883391238614*I
1.59,28.388479945266084,0.0011972786143142214,25.31577321921685,276.19769360550936,3.4378831269429115,2.1243425615809475,0.270846217999974,1.40434429926069,-0.131328003527864 - 0.205889449914529*I,-0.131328003527864 + 0.205889449914529*I
1.6,28.41378026593685,0.0011984839306730351,27.77328112540317,276.1491420836881,3.4771564302241904,2.123396567820926,0.270779618895287,1.40307898460451,-0.131290924180311 - 0.20582124889814*I,-0.131290924180311 + 0.20582124889814*I
1.61,28.39506160861206,0.001199954182950892,27.72052067458153,276.3552208374075,3.6035834504571267,2.124096347678332,0.270828884370074,1.40401492278507,-0.131318353466114 - 0.205871700345618*I,-0.131318353466114 + 0.205871700345618*I
1.62,28.438481251260608,0.0012013860645380052,26.710538355198487,276.2965584555331,3.70393664595252,2.1224742017292715,0.270714681947738,1.40184580212467,-0.131254765101295 - 0.205754740128911*I,-0.131254765101295 + 0.205754740128911*I
1.6300000000000001,28.443067770628815,0.001202752037813854,28.009411930596304,276.6461874292804,3.5073551010344923,2.1223030675607606,0.270702633525869,1.40161705707442,-0.131248055574753 - 0.205742398995307*I,-0.131248055574753 + 0.205742398995307*I
1.6400000000000001,28.455455766104212,0.0012041526697330323,27.84332848086979,276.69540168271124,3.5247571078725874,2.1218410482019268,0.270670105595680,1.40099959256291,-0.13122994054159 - 0.205709079128761*I,-0.13122994054159 + 0.205709079128761*I
1.6500000000000001,28.45957274738484,0.0012053767797159539,28.321998741815566,276.77883549617707,3.5261563725807665,2.121687569161675,0.270659300016143,1.40079450491295,-0.131223922555371 - 0.205698009929056*I,-0.131223922555371 + 0.205698009929056*I
1.6600000000000001,28.472788292006985,0.0012066911424400092,28.4499915571266,276.9711096916891,3.5441475576145822,2.12119512509907,0.270624629624076,1.40013657004713,-0.131204612508682 - 0.205662491862563*I,-0.131204612508682 + 0.205662491862563*I
1.67,28.484075751980658,0.0012079690263056763,26.315733204867463,277.02389732940526,3.569509973237491,2.120774797654903,0.270595036309017,1.39957510507275,-0.131188129043397 - 0.205632172793498*I,-0.131188129043397 + 0.205632172793498*I
1.68,28.513811747464132,0.0012093086247456672,28.666484123805542,277.24081890247845,3.587768507996129,2.1196686705515115,0.270517157807601,1.39809808086942,-0.131144745674042 - 0.205552374633067*I,-0.131144745674042 + 0.205552374633067*I
1.69,28.51198156441232,0.0012104552154762914,28.713185945799495,277.1075628253538,3.677633762314223,2.119736700186968,0.270521947583741,1.39818889994742,-0.131147414102018 - 0.205557282882431*I,-0.131147414102018 + 0.205557282882431*I
1.7,28.541681946977224,0.0012117575435368884,28.868400077697835,277.14915312169586,3.617459131171399,2.118633517519122,0.270444274781068,1.39671650942220,-0.131104138434394 - 0.205477682265247*I,-0.131104138434394 + 0.205477682265247*I
1.71,28.498553441522773,0.0012129553721983658,28.56173321641392,277.4147483782402,3.6612759087306506,2.120236036631908,0.270557104264997,1.39885559748721,-0.131166999357245 - 0.205593307512703*I,-0.131166999357245 + 0.205593307512703*I
1.72,28.567901103663036,0.0012904951842751444,28.52357521994836,277.4174055610432,3.642262061654754,2.117661070589093,0.270375805406377,1.39541922807876,-0.131065984397208 - 0.205407501805728*I,-0.131065984397208 + 0.205407501805728*I
1.73,28.569477625360435,0.0012154837235517433,27.67481976781916,277.3814590933116,3.6843717462337384,2.1176026413674003,0.270371691400171,1.39534129974994,-0.13106369171655 - 0.205403284638845*I,-0.13106369171655 + 0.205403284638845*I
1.74,28.569745903637887,0.001216687762334057,29.03156322215712,277.57185068371183,3.761285203004995,2.117592698889708,0.270370991349048,1.39532803945895,-0.131063301585362 - 0.205402567029657*I,-0.131063301585362 + 0.205402567029657*I
1.75,28.554673027148556,0.0012178769695251827,29.37861006685005,277.66655917434804,3.6823091663853917,2.1181515216469706,0.270410337919372,1.39607343597523,-0.131085228091081 - 0.205442898675297*I,-0.131085228091081 + 0.205442898675297*I
1.76,28.591796840419207,0.0012201994763776562,28.748672148569188,277.8019760313325,3.721500976476667,2.116775962718348,0.270313484388234,1.39423896492266,-0.131031251512283 - 0.205343613806518*I,-0.131031251512283 + 0.205343613806518*I
1.77,28.48043997262673,0.001220193162713264,29.605141525542084,277.9049648624668,3.7568296575522324,2.1209101611388066,0.270604566654554,1.39975590906217,-0.131193437558051 - 0.205641937086139*I,-0.131193437558051 + 0.205641937086139*I
1.78,28.641058368716852,0.0014254846768644162,29.70783386880796,277.9393065727322,3.7502686046974847,2.1149547923243053,0.270185251255599,1.39181200459450,-0.130959769396907 - 0.20521212772745*I,-0.130959769396907 + 0.20521212772745*I
1.79,28.477723997397923,0.0012215026007126116,29.200517538221394,278.1025270443078,3.777264626968217,2.121011296365126,0.270611687122490,1.39989100196582,-0.1311974036707 - 0.2056492322065*I,-0.1311974036707 + 0.2056492322065*I
1.8,28.650939539898662,0.0012230171546605256,29.913219777673472,278.5563299630748,3.7830424769820152,2.1145900567721214,0.270159568783954,1.39132618888881,-0.130945450568681 - 0.205185789106251*I,-0.130945450568681 + 0.205185789106251*I
1.81,28.591740614438145,0.0012245118041337537,29.942602946295914,278.6611292038914,3.819283318394722,2.116778044049252,0.270313630937347,1.39424173974715,-0.131031333192918 - 0.205343764051103*I,-0.131031333192918 + 0.205343764051103*I
1.82,28.601187675500405,0.0012256629461403483,29.81979095477327,278.7564348683771,3.8113724731218555,2.116428425997858,0.270289013810324,1.39377566723293,-0.131017612218962 - 0.205318525456469*I,-0.131017612218962 + 0.205318525456469*I
1.83,28.694606750195227,0.0014483227874125596,29.445138784637948,278.9171444102569,3.840936244242974,2.112980461523932,0.270046228719091,1.38918323626289,-0.130882250041547 - 0.205069534781823*I,-0.130882250041547 + 0.205069534781823*I
1.84,28.759035105663767,0.0012281338323620195,29.573020382494985,278.7112680159829,3.8469470642352332,2.1106122981453015,0.269879467755856,1.38603324563448,-0.130789232213796 - 0.204898430711275*I,-0.130789232213796 + 0.204898430711275*I
1.85,28.653817831251434,0.0012283498765151997,30.33129782922739,279.0615504541533,3.9135668505777295,2.114483848252819,0.270152090189097,1.39118473799739,-0.130941280852133 - 0.205178119152001*I,-0.130941280852133 + 0.205178119152001*I
1.86,28.749271644294403,0.001229498382501941,29.878005416495657,278.8362399051399,4.002998281626434,2.1109706573522575,0.269904703101007,1.38650969285739,-0.130803310480936 - 0.204924327519116*I,-0.130803310480936 + 0.204924327519116*I
1.87,28.764757484168644,0.001446747556854822,30.492994825083162,279.34802696577117,3.9418214524805464,2.1104023481189484,0.269864683181018,1.38575414860687,-0.130780983844433 - 0.204883257903836*I,-0.130780983844433 + 0.204883257903836*I
1.8800000000000001,28.780898010709162,0.0012322368000540589,30.73333851687193,278.96127835141704,3.8839814606179366,2.109810501017269,0.269823005307258,1.38496752235401,-0.13075773014374 - 0.204840482800271*I,-0.13075773014374 + 0.204840482800271*I
1.8900000000000001,28.80268498141553,0.0012323358915306826,30.437854760803294,279.2024214914699,3.926870651414397,2.1090123970316488,0.269766802127356,1.38390709959534,-0.130726368795427 - 0.20478279344303*I,-0.130726368795427 + 0.20478279344303*I
1.9000000000000001,28.772690726601358,0.0012453344066570907,30.56194691259384,279.5975166219653,4.004747416956735,2.110111386668198,0.269844193730416,1.38536740376959,-0.130769552255419 - 0.204862229555421*I,-0.130769552255419 + 0.204862229555421*I
1.9100000000000001,28.807749105510236,0.00145769856242211,31.02676836203816,279.5377465937963,4.058374328820013,2.1088270168780068,0.269753747381328,1.38366084509666,-0.130719083691022 - 0.204769392413791*I,-0.130719083691022 + 0.204769392413791*I
1.92,28.864670969683168,0.001459409834659692,30.805343178769707,278.94506264360956,3.9566260187694455,2.106746660527417,0.269607242693305,1.38089879607445,-0.130637313265729 - 0.20461897370854*I,-0.130637313265729 + 0.20461897370854*I
1.93,28.88058494910006,0.001461107760543054,31.10261170559253,279.9221663130005,4.15694928837474,2.106166143497449,0.269566360072293,1.38012852861816,-0.130614490171659 - 0.204576989702803*I,-0.130614490171659 + 0.204576989702803*I
1.94,28.843289774079327,0.0014627923035284162,31.028146938311185,279.81523211551774,4.1332229355275505,2.107527369283112,0.269662223073753,1.38193501680199,-0.130668003266924 - 0.204675428958631*I,-0.130668003266924 + 0.204675428958631*I
1.95,28.80864137384381,0.0014644638470056608,31.19692658472617,280.2798243051384,4.115398682860696,2.1087943590703437,0.269751447565539,1.38361746544158,-0.130717800273868 - 0.204767031552213*I,-0.130717800273868 + 0.204767031552213*I
1.96,28.887455625943318,0.0014661228136731677,31.55429966177371,280.1650504395622,4.170987820259771,2.105915660248189,0.269548719789972,1.37979623512469,-0.130604641677841 - 0.204558872950764*I,-0.130604641677841 + 0.204558872950764*I
1.97,28.915970062786755,0.0014677676177227944,30.87642681052605,280.2710507100034,4.1122434546358635,2.1048770679054205,0.269475576129057,1.37841883914934,-0.130563801724087 - 0.204483745685858*I,-0.130563801724087 + 0.204483745685858*I
1.98,28.951773722987028,0.0014694014891697509,31.761759984398214,280.353444155769,4.099909599308467,2.1035751508288993,0.269383885828327,1.37669315273396,-0.130512596713732 - 0.204389550636869*I,-0.130512596713732 + 0.204389550636869*I
1.99,28.944043896780137,0.001471022271515831,31.531785426796716,280.19433082411666,4.159833120293651,2.1038560235519856,0.269403667059161,1.37706536056564,-0.130523644558056 - 0.204409873953902*I,-0.130523644558056 + 0.204409873953902*I
2.0,28.858099788932122,0.001468007035089373,31.630443775088196,280.4320085893075,4.124085449012874,2.1069865069693505,0.269624133640131,1.38121710016358,-0.130646742179716 - 0.204636318531396*I,-0.130646742179716 + 0.204636318531396*I
2.0100000000000002,28.997080175559113,0.0014715515417999176,31.91114984455595,280.78645256219653,4.223055787216315,2.1019311441937742,0.269268100337064,1.37451551315867,-0.130447920463964 - 0.204270573213779*I,-0.130447920463964 + 0.204270573213779*I
2.02,28.9686902117925,0.0012449534503925384,31.67048885003426,280.93761683713984,4.223464312429249,2.102960861715438,0.269340622517033,1.37587927572589,-0.130488432377404 - 0.204345098446362*I,-0.130488432377404 + 0.204345098446362*I
2.0300000000000002,28.9955426680622,0.0014579166300172594,32.10507378089069,280.8648632737131,4.173563046904856,2.101986871587621,0.269272025203637,1.37458930212695,-0.130450113119884 - 0.204274606810017*I,-0.130450113119884 + 0.204274606810017*I
2.04,28.873700189694045,0.001467179229101268,31.888009850737475,280.905473528165,4.39617811315436,2.1064172298284154,0.269584042751136,1.38046166079362,-0.130624361944221 - 0.204595149247603*I,-0.130624361944221 + 0.204595149247603*I
2.05,29.028893367232154,0.001472843446173167,31.17579085186417,281.11131869040304,4.221690271648493,2.100779059815431,0.269186958535607,1.37299045821192,-0.130402585625908 - 0.204187175205266*I,-0.130402585625908 + 0.204187175205266*I
2.06,29.038974203417315,0.0014668444994070144,32.441941529232295,281.1402332944806,4.249388031387805,2.1004143870195233,0.269161274163627,1.37250789751670,-0.130388233740199 - 0.204160773335969*I,-0.130388233740199 + 0.204160773335969*I
2.07,28.858999805514106,0.0012484872165382163,31.775857797879723,281.42660116988077,4.238823089827821,2.1069536517492753,0.269621819848092,1.38117349538404,-0.130645450589005 - 0.204633942605914*I,-0.130645450589005 + 0.204633942605914*I
2.08,29.097418342937765,0.0014826607846838717,32.47209058079503,281.48978449040163,4.378090683436558,2.098303914306472,0.269012627999481,1.36971677336145,-0.130305156937787 - 0.204007943238225*I,-0.130305156937787 + 0.204007943238225*I
2.09,29.03781699735224,0.0014815416675320267,32.82126856609085,281.51470062292356,4.252119296625013,2.100456239133484,0.269164221869103,1.37256327503481,-0.130389880898388 - 0.204163803467391*I,-0.130389880898388 + 0.204163803467391*I
2.1,29.060879832297495,0.0014836978111996998,32.21597560943545,282.03983591766115,4.3582663505941115,2.099622608309409,0.269105507669144,1.37146044101213,-0.130357069716385 - 0.204103443482426*I,-0.130357069716385 + 0.204103443482426*I
2.11,29.127957640842816,0.0014828031505007835,32.48122385351338,281.99932283416234,4.497761020844158,2.097203639197153,0.268935130813255,1.36826273022499,-0.130261833401099 - 0.20392824340298*I,-0.130261833401099 + 0.20392824340298*I
2.12,29.118002101512964,0.0014846001318307058,33.19958562431444,282.18697796543955,4.382293298427832,2.097562128919648,0.268960380953104,1.36873640249673,-0.130275949921548 - 0.203954212819735*I,-0.130275949921548 + 0.203954212819735*I
2.13,29.09830801049521,0.0014855683335936757,30.84032796342817,282.2825070831971,4.31539250924801,2.098271836716482,0.269010368652866,1.36967437145780,-0.130303893995388 - 0.204005619883064*I,-0.130303893995388 + 0.204005619883064*I
2.14,29.109575343508748,0.0014736270310063443,33.19479449131868,282.2274129048391,4.367952084861437,2.097865712349347,0.268981763674397,1.36913758874042,-0.130287903659186 - 0.203976203433455*I,-0.130287903659186 + 0.203976203433455*I
2.15,29.101213432415157,0.0014927201939165468,33.42126551866306,282.2086462084896,4.315244976439542,2.0981670899303526,0.269002990930810,1.36953591585147,-0.130299769909098 - 0.203998033059386*I,-0.130299769909098 + 0.203998033059386*I
2.16,29.182929450446185,0.0012571418252492433,33.5442703181856,282.2280185200608,4.462299162761658,2.0952274595603892,0.268795936647191,1.36565301970780,-0.130183999889669 - 0.20378505615692*I,-0.130183999889669 + 0.20378505615692*I
2.17,29.217415108078782,0.0014946413782267864,31.77447276452572,282.5183762327769,4.384288301573499,2.0939905837091044,0.268708814032440,1.36402084006836,-0.130135270694794 - 0.203695410077256*I,-0.130135270694794 + 0.203695410077256*I
2.18,29.198853276348533,0.0014695720462280302,33.576259161982215,282.0000791706906,4.41610553869808,2.094656057199955,0.268755688606674,1.36489888138130,-0.130161489672664 - 0.203743644667664*I,-0.130161489672664 + 0.203743644667664*I
2.19,29.245512519854167,0.0014795328544371874,33.87817350400313,282.8431806398241,4.468382431705689,2.0929844489400113,0.268637943141478,1.36269383786934,-0.130095624165812 - 0.203622472680147*I,-0.130095624165812 + 0.203622472680147*I
2.2,29.229466971923962,0.0014916327809273511,31.371497927502823,283.171188233892,4.493898258840006,2.0935588431758356,0.268678402885698,1.36345133671526,-0.130118258911777 - 0.203664113693992*I,-0.130118258911777 + 0.203664113693992*I
2.21,29.256983436374377,0.001487663426696176,34.11867901426255,283.31049787608487,4.45587264349771,2.0925741058217495,0.268609038791199,1.36215281000055,-0.130079452660853 - 0.203592721963576*I,-0.130079452660853 + 0.203592721963576*I
2.22,29.30026641909981,0.0012615587589938828,32.71619296166883,282.8323113332492,4.519497189341255,2.0910279369005194,0.268500126005186,1.36011514948659,-0.130018508060543 - 0.203480601510564*I,-0.130018508060543 + 0.203480601510564*I
2.23,29.208206551941096,0.0014901182124368632,32.81941067818839,282.8947204057977,4.511614389287041,2.0943206469436344,0.268732063058813,1.36445629929351,-0.130148275234634 - 0.203719334324391*I,-0.130148275234634 + 0.203719334324391*I
2.24,29.21617669051532,0.0014891219150923699,34.43204943636432,282.7782310758334,4.693887973102135,2.09403496335645,0.268711940056749,1.36407938716468,-0.13013701930345 - 0.203698626967914*I,-0.13013701930345 + 0.203698626967914*I
2.25,29.34721252739164,0.0014900312645582156,34.168098108706026,283.368676379492,4.600153375276847,2.089354781167765,0.268382265647715,1.35791178699289,-0.129952539322235 - 0.203359236897184*I,-0.129952539322235 + 0.203359236897184*I
2.2600000000000002,29.295348368959772,0.0014966209026063349,34.46800600021735,283.59319174832535,4.567387893199746,2.0912034485301985,0.268512489233742,1.36034637849346,-0.130025426955853 - 0.203493330332171*I,-0.130025426955853 + 0.203493330332171*I
2.27,29.37767806347124,0.0014953141024494647,34.21992966209264,283.9086022409414,4.646109131243091,2.0882711382655943,0.268305930337296,1.35648566382454,-0.129909803322108 - 0.203280613569323*I,-0.129909803322108 + 0.203280613569323*I
2.2800000000000002,29.307368606489764,0.0012655682701787005,33.749115292513345,283.57251369584264,4.6146157709504045,2.0907745574130305,0.268482277628902,1.35978136624315,-0.130008519135151 - 0.203462224672799*I,-0.130008519135151 + 0.203462224672799*I
2.29,29.258932388499726,0.001496622323392067,34.20047981402219,283.9100255522336,4.684029250833048,2.0925044109570505,0.268604129505701,1.36206092919614,-0.130076705889807 - 0.20358766872158*I,-0.130076705889807 + 0.20358766872158*I
2.3000000000000003,29.212154443350624,0.001496587604743754,35.0482941222301,284.3291136094262,4.692213025728164,2.094179123149547,0.268722094405394,1.36426957585648,-0.130142699269082 - 0.203709076314386*I,-0.130142699269082 + 0.203709076314386*I
2.31,29.43275920215562,0.001498533293051746,35.15100233641726,284.44522135386285,4.673674819098642,2.0863162040271512,0.268168215765884,1.35391470228722,-0.129832685164599 - 0.203138734544436*I,-0.129832685164599 + 0.203138734544436*I
2.32,29.44796211852398,0.0012683006539834128,35.25371077233487,284.4041353172107,4.652252503369668,2.0857775897518653,0.268130272702922,1.35320677466035,-0.129811433239296 - 0.203099635774235*I,-0.129811433239296 + 0.203099635774235*I
2.33,29.390737193089425,0.001269107854288467,35.35641941490704,284.2754424130049,4.628021402275985,2.0878071479736082,0.268273245033455,1.35587525165203,-0.129891502270324 - 0.203246944148854*I,-0.129891502270324 + 0.203246944148854*I
2.34,29.41341274804723,0.0015043742376377798,34.90626460773816,283.26624879807025,4.782758486597353,2.0870022207457457,0.268216542330273,1.35481662575671,-0.129859750162302 - 0.203188527878824*I,-0.129859750162302 + 0.203188527878824*I
2.35,29.49058617330203,0.0012707390722178713,35.201264661213315,284.8107490555319,4.836299093114144,2.084269711181947,0.268024047805274,1.35122584021237,-0.129751926577051 - 0.202990156206327*I,-0.129751926577051 + 0.202990156206327*I
2.36,29.48604478149728,0.001517719331245537,35.29328975920487,284.6745726677587,4.654059701377201,2.0844302128873955,0.268035354694338,1.35143662869435,-0.129758261345922 - 0.203001810877067*I,-0.129758261345922 + 0.203001810877067*I
2.37,29.490014344683832,0.001517418624920614,35.427035240077174,284.73563348233387,4.738957433088107,2.0842899186880777,0.268025471367850,1.35125237806193,-0.129752724147855 - 0.202991623573044*I,-0.129752724147855 + 0.202991623573044*I
2.38,29.535736221216254,0.0015119853198842274,35.48321536573984,285.284531488786,4.746283671435777,2.082676033819627,0.267911776601228,1.34913370452968,-0.129689016655361 - 0.202874414295024*I,-0.129689016655361 + 0.202874414295024*I
2.39,29.50326423306271,0.0015190995998527715,35.94367387290095,285.4010680291924,4.764989722922403,2.0838218398019857,0.267992496425039,1.35063772977681,-0.129734248790808 - 0.20295763265947*I,-0.129734248790808 + 0.20295763265947*I
2.4,29.427701896304768,0.0015155311857393623,35.64437091057893,285.1631953483563,4.801124826999717,2.0864954685498147,0.268180844125618,1.35415035803410,-0.129839757895612 - 0.203151746753125*I,-0.129839757895612 + 0.203151746753125*I
